,Fea1,Fea2,Fea3,Fea4,Fea6,Fea7,Fea8,Fea9,Fea10,Fea13,Fea14,Fea21,Fea22,Fea24,Fea25,Fea26,Fea27,Fea28,Fea29,Fea30,Fea31,Fea32,Fea33,Fea34,Fea35,Fea36,Fea37,Fea38,Fea39,Fea40,Fea41,Fea42,Fea43,Fea44,Fea45,Fea46,Fea47,Fea48,Fea49,Fea50,Fea52,Fea53,Fea54,Fea55,Fea56,Fea57,Fea58,Fea59,Fea60,Fea61,Fea62,Fea64,Fea65,Fea66,Fea67,Fea68,Fea69,Fea70,Fea71,Fea72,Fea73,Fea74,Fea75,Fea76,Fea77,Fea78,Fea79,Fea80,Fea81,Fea84,Fea85,Fea86,Fea87,Fea88,Fea89,Fea90,Fea91,Fea92,Fea93,Fea94,Fea96,Fea97,Fea98,Fea99,Fea100,Fea101,Fea102,Fea103,Fea104,Fea105,Fea106,Fea107,Fea108,Fea109,Fea110,Fea111,Fea112,Fea113,Fea114,Fea115,Fea117,Fea118,Fea119,Fea120,Fea121,Fea122,Fea124,Fea125,Fea126,Fea127,Fea128,Fea129,Fea130,Fea131,Fea132,Fea133,Fea134,Fea135,Fea136,Fea137,Fea138,Fea139,Fea140,Fea141,Fea142,Fea143,Fea144,Fea145,Fea146,Fea147,Fea149,Fea151,Fea155,Fea156,Fea157,Fea158,Fea159,Fea160,Fea161,Fea162,Fea164,Fea165,Fea166,Fea167,Fea168,Fea169,Fea171,Fea172,Fea173,Fea174,Fea175,Fea176,Fea177,Fea178,Fea179,Fea180,Fea181,Fea182,Fea183,Fea184,Fea185,Fea186,Fea187,Fea188,Fea190,Fea191,Fea192,Fea193,Fea194,Fea195,Fea196,Fea197,Fea198,Fea199,Fea200,Fea201,Fea203,Fea205,Fea206,Fea207,Fea208,Fea209,Fea210,Fea211,Fea212,Fea213,Fea214,Fea215,Fea216,Fea218,Fea222,Fea224,Fea225,Fea231,Fea232,Fea236,Fea240,Fea243,Fea245,Fea251,Fea252,Fea257,Fea258,Fea266,Fea268,Fea273,Fea274,Fea283,Fea284,Fea285,Fea286,Fea287,Fea288,Fea289,Fea292,Fea294,Fea296,Fea298,Fea299,Fea300,Fea301,Fea302,Fea304,Fea305,Fea306,Fea307,Fea308,Fea309,Fea310,Fea311,Fea313,Fea315,Fea316,Fea319,Fea320,Fea322,Fea332,Fea334,Fea335,Fea337,Fea338,Fea348,Fea350,Fea351,Fea352,Fea353,Fea359,Fea361,Fea362,Fea365,Fea366,Fea368,Fea369,Fea370,Fea371,Fea372,Fea373,Fea374,Fea376,Fea377,Fea379,Fea382,Fea391,Fea421,Fea422,Fea431,Fea432,Fea460,Fea464,Fea468,Fea471,Fea486,Fea487,Fea488,Fea489,Fea492,Fea494,Fea499,Fea503,Fea506,Fea507,Fea508,Fea509,Fea513,Fea515,Fea520,Fea521,Fea528,Fea536,Fea537,Fea538,Fea539,Fea540,Fea546,Fea547,Fea548,Fea549,Fea552,Fea553,Fea554,Fea555,Fea558,Fea565,Fea566,Fea567,Fea568,Fea569,Fea571,Fea580,Fea581,Fea584,Fea586,Fea590,Fea591,Fea593,Fea594,Fea595,Fea596,Fea597,Fea598,Fea600,Fea601,Fea603,Fea609,Fea614,Fea621,Fea625,Fea630,Fea631,Fea634,Fea637,Fea639,Fea640,Fea642,Fea643,Fea645,Fea647,Fea650,Fea652,Fea653,Fea655,Fea659,Fea660,Fea661,Fea662,Fea666,Fea667,Fea668,Fea670,Fea671,Fea672,Fea673,Fea674,Fea675,Fea676,Fea677,Fea678,Fea679,Fea680,Fea681,Fea685,Fea686,Fea687,Fea688,Fea689,Fea691,Fea692,Fea693,Fea694,Fea695,Fea699,Fea702,Fea703
0,261.27,7.917272727,1.158863636,0,45.45454545,9.090909091,18.18181818,4,0,0,0,0,0.0,0,4.450980392,681,7.469802082,0.279023677,0.121989593,3.045486111,132.0782085,2.239097918,0.0,1.945910149,1.789929075,1.530493057,0.702210217,3.359253499,4.317121392,4.741363816,0.354835295,0.665937954,0.939927314,1.68514062,0.303030303,0.917104951,1.110039618,0.99686061,0.280385732,2.0,0.434902985,0.024161277,7.605126971,0.058823529,17.0,0.944444444,604.0714286,1.074514737,0.016288845,4.811580015,0.998497251,3.54765832,7.513019128,3.794056801,0.010818204,0.915703104,1.399119607,2.932650461,1.115845489,4.832996962,3.810668999,0.258157349,0.014342075,0.281685008,0.217507711,0.27607636,2.368380422,3.917966624,-0.099941224,0.001512602,-0.066030304,0.257872035,-0.242810353,0.245266383,-0.162987695,-0.261854476,0.118599926,0.117226806,-0.120705392,0.311833471,-0.276385623,-0.07403452,-0.025288401,-0.075113769,-0.0212229,0.006843554,0.044083864,-0.004886261,0.866544153,0.74261819,1.110484714,1.078637315,0.915053726,0.990950642,1.081531577,0.77382616,1.016961743,1.050299962,1.212451635,0.89946779,1.16461547,0.683852724,1.253894163,0.922452925,0.918618438,1.674292867,0.938675199,0.921761993,0.923173155,0.101010101,0.053571429,0.04952381,0.027777778,0.015873016,0.021634615,0.004489338,0.02,0.0,0.617409498,3.760797114,3.589226961,3.497667906,1.922595669,1.84840194,1.622933945,1.703252508,91.40872084,197.1754433,0.0,0.0,91.40872084,102.6377697,18.83264403,83.80512563,18.83264403,18.01075068,7.603595218,65.79437494,25.14492703,0.0,0.0,2.534531739,75.69567546,0.0,0,0,0.333333333,3.816986619,0.679041437,0.363636364,0.38961039,0.0,0.072222225,1.022222222,0.82,0.265367965,0.202222222,-5.0,0.139753604,1.051991943,1.438015729,1.4818108,3.819178315,1.569897123,5.877735782,4.72653883,6.832673918,-1.0,-1.72565837,2.687732955,-1.375046909,1.952281513,1.885821873,0.323147962,0.06394662,0.0,0.0,-0.666335884,-0.757106384,-0.972584903,-1.386483814,-1.462070824,0.995387155,3.590217062,-0.41040493,1.191983899,0,5,0,0,0,0,0,0,0,0,0,0,0,0,0,0,0,0,2,2,0,-1.111998772,0.0,-4.227353553,0.0,0,0,0,3,0,0,0.0,-0.419540738,0.0,-1.36803099,0.0,8.414895069,-0.278077286,-1.255390684,-0.796239843,0.0,2.042361111,11.38340372,0.0,11.38340372,1,2,0,0,5,2,4,1,2,2,1,1,5,1,2,0,1,1,0,2,1,0,0,0,0,0,7.044109149,4.762203156,6.153267081,3.0,0,0,1,1,1,1,0,0,0,0,0,0,0,2,3,0,2,0,2,0,0,2,3,0,1,0,1,2,9.359034538,73.87393188,0,0,2.321928095,0.714336968,3.508604557,0.275089062,2,3,0,2,0,2,8,3,5,2,1,0,1,0,0,6,3,1,3,1,0,0,0,0,0,0,1,0,0,0,0,7,3,2,1,1,0,0,0,0,3,0,0,0,0,0,4,0,0.0,0.0,0.965489385,0.0,0,0,3.352941176,3.5,3.0,1.5,1.0,0.0,1.0,2.0,1.5,0.111111111,1.5,2.0,0.083333333,0.111111111,0.833333333,0.0,0.333333333,0.625,0.0,1.5,0,0.416666667
1,189.19,7.882916667,1.1508875,0,45.83333333,4.166666667,20.83333333,3,0,0,0,0,0.0,0,3.512820513,274,6.105175053,0.254656775,0.116574989,2.892175926,60.91161072,1.833927218,0.0,0.0,1.696842803,1.52623491,0.74504293,3.136842188,3.970175521,4.220175521,0.370088698,0.684158745,0.920438394,1.448120313,0.364786979,0.897825687,1.091485063,0.997438084,0.278631953,2.0,0.119573156,0.009197935,7.067975837,0.083333333,12.0,0.923076923,237.4642857,0.872488109,0.03004883,4.386528532,0.737498938,3.50318709,7.19022989,3.308123869,0.003051446,0.885089798,1.406933026,2.901137018,1.11942669,4.504374155,3.314328992,0.1231134,0.009470262,0.285482538,0.089006198,0.201902843,1.902140635,2.906999839,-0.080264774,-0.049327337,0.362832886,-0.985316792,-0.185877833,0.284768116,-0.237482882,-0.262885845,0.074801074,0.093152173,0.289053176,-0.940383125,-0.272941833,0.017554416,0.07428392,0.225957841,0.115519315,-0.023053266,-0.12479592,0.041753022,0.832165467,0.698527937,1.190438184,1.064496586,0.917471681,1.129896852,0.73519756,2.151903918,1.123115587,1.136751864,1.167810665,0.961510035,0.791868365,2.456930646,1.401175056,0.642022687,0.307637084,1.594061251,0.987009407,1.019895948,0.649072925,0.088888889,0.057692308,0.055384615,0.025641026,0.020408163,0.0,0.0,0.0,0.0,0.581348334,3.717287322,3.442466595,3.286582761,1.915121276,1.709100168,1.533332291,1.681168784,23.07981416,167.3258663,0.0,0.0,31.90501842,38.4294173,20.41866662,18.01075068,11.59346236,18.01075068,13.89426774,0.0,25.14492703,0.0,0.0,2.534531739,93.75744998,0.0,0,0,0.346153846,2.793612764,0.48357189,0.389221557,0.359281437,0.0,0.071794875,1.025641026,0.889583333,0.266226287,0.136057692,-3.25,0.197978422,1.147372421,1.417177902,1.457953305,3.774221463,1.530998801,5.493061443,4.546264761,6.733136703,-1.804180076,0.0,2.595152938,-2.0,1.905916463,0.261654725,0.0,0.0,-0.571896168,-0.957678818,-1.583815897,-1.613998424,0.0,0.0,0.0,-0.595552932,3.480936915,0.0,2.78384116,1,3,0,0,0,0,0,0,0,0,0,0,0,0,0,0,0,0,1,2,0,-0.387407407,0.0,-2.800147392,0.0,0,0,0,2,0,0,1.177288832,-0.280509259,0.0,-1.117037037,0.0,8.272633692,-0.106898148,-1.117037037,-0.488158541,0.0,2.13287037,10.48141298,0.0,10.48141298,0,1,0,0,0,0,3,1,0,0,0,0,4,3,0,0,0,0,0,2,0,1,0,1,0,0,4.689954604,3.298769777,4.888007262,3.0,0,0,1,1,1,0,0,0,0,0,0,0,0,1,2,0,0,0,0,0,0,0,0,0,0,0,0,0,0.0,20.92732239,0,0,2.0,-0.243851589,3.130859085,0.539601302,1,0,1,0,0,3,1,1,0,2,0,1,0,0,0,0,3,3,1,0,1,0,0,2,0,0,0,0,0,0,0,0,5,0,0,0,0,0,0,0,1,0,0,0,0,0,3,1,0.0,0.0,1.0,0.0,0,0,2.333333333,4.0,2.0,0.0,0.0,0.0,1.0,2.0,1.0,0.230769231,2.0,2.0,0.153846154,0.153846154,0.666666667,0.0,0.666666667,0.8,0.0,0.0,0,0.307692308
2,207.25,7.401785714,1.129203571,0,46.42857143,3.571428571,10.71428571,8,6,1,1,0,0.0,0,5.085714286,797,4.022416985,0.285321084,0.147891395,2.68606198,34.88819789,1.937927064,0.0,4.523146351,1.560413792,1.530124965,0.42951954,3.352745781,3.910232941,4.280394654,0.324588847,0.697420065,0.890384572,1.454609141,0.526960268,0.848544851,1.191986031,0.998126877,0.287942104,2.0,0.142141137,0.009476076,7.502254348,0.093583917,10.52819066,0.766116418,322.4642879,0.638087403,0.02492935,2.84687851,0.556467982,3.599370556,7.369108471,3.213604809,0.008063768,0.966845376,1.376177659,3.22148621,1.216899093,4.844005217,3.746236145,0.075745839,0.005049723,0.278334528,0.112057749,0.062840394,2.583341401,4.882805323,-0.02821719,-0.126173096,-0.177663338,-0.093311311,-0.09662276,0.251294256,-0.086762295,-0.120893552,0.247134117,-0.313411454,-0.216366943,-0.109958676,-0.136795104,-0.036855624,-0.114256241,-0.032747398,0.097922554,-0.090061005,-0.145693989,0.047732237,0.833304501,0.824672729,1.175400305,0.994331636,0.806841993,1.182813376,1.192120401,1.113757234,0.994047136,1.028186218,1.067082078,0.790420439,1.37590675,1.02963098,1.09503946,1.038041109,0.933589905,1.279484313,1.024715445,1.088536235,0.826769918,0.058479532,0.047794118,0.049444444,0.02001634,0.018707483,0.017361111,0.020408163,0.0,0.0,0.465544525,3.861326962,3.608734464,3.475037964,2.054631347,1.831909786,1.590241781,1.894866292,20.54528242,98.58772163,3.185574951,0.0,29.37048668,85.55182341,67.54107273,18.01075068,11.3346311,18.01075068,61.92654832,0.0,25.14492703,0.0,47.38123737,3.185574951,70.21524598,0.0,0,0,0.6,3.877590349,0.407775847,0.217391304,0.289855072,0.0,0.039999999,0.88,0.811764706,0.177380952,0.068235294,0.25,0.158382737,0.605774966,1.425849858,1.468700291,3.777921655,1.485972682,6.089611608,4.054027573,6.173159511,-1.0,-2.0,2.598211587,-1.650070439,0.261654725,0.0,0.0,0.0,0.0,0.0,0.0,-0.571896168,-0.957678818,-1.399738836,-1.613998424,0.980256946,2.730483766,-0.939326529,2.861860396,1,2,0,0,0,0,0,0,0,0,0,0,0,0,0,0,0,0,6,1,0,0.301342593,0.0,-1.354273904,0.887638889,0,0,0,1,1,0,1.306481481,0.301342593,1.831107332,-0.856574074,0.887638889,8.868728269,0.301342593,-0.856574074,-0.33487859,0.0,2.389324452,10.82461404,0.0,10.82461404,0,0,0,0,0,0,2,3,3,0,0,0,2,7,6,0,0,0,0,1,2,1,0,2,2,0,2.871745887,1.889881575,5.67697758,6.14518994,0,0,1,1,1,1,0,0,0,0,0,0,0,1,2,0,2,0,1,0,0,0,0,0,0,0,0,0,0.0,9.821932793,0,0,2.584962501,-1.780804367,3.382183972,0.807547004,1,0,0,0,0,2,1,1,0,0,0,0,0,0,0,0,3,4,4,1,1,0,0,0,0,0,0,0,0,0,0,0,4,0,0,0,0,0,0,0,0,1,2,0,0,0,8,7,0.0,0.0,7.732315986,0.0,0,0,2.571428571,4.0,2.0,0.0,0.0,0.0,1.0,2.0,1.0,0.2,2.0,2.0,0.133333333,0.133333333,0.666666667,0.0,0.666666667,0.714285714,0.0,0.0,6,0.133333333
3,190.23,7.045555556,1.1602,0,51.85185185,7.407407407,14.81481481,2,0,0,0,0,0.0,0,3.871794872,302,6.364318,0.280766242,0.0973945,2.782446119,56.28212811,2.192005835,0.0,1.386294361,1.682500341,1.548580607,0.642208494,3.373990742,4.384517132,4.384517132,0.353846508,0.709583716,0.922107438,1.38089676,0.37037037,0.912043567,1.161984397,0.997197119,0.310924454,2.0,0.139245889,0.010711222,6.902743439,0.083333333,12.0,0.923076923,271.1428571,0.826678573,0.025987077,3.798956314,0.762113385,3.448704357,7.027200846,3.152725639,0.014025212,0.886236493,1.36314682,2.835142627,1.095785216,4.444796378,3.091047424,0.370661449,0.028512419,0.298449784,0.211382452,0.163065738,2.001049699,2.723730349,-0.093524189,0.078362712,-0.06267122,-0.009907452,-0.219017852,0.103066211,-0.029505091,-0.316418155,0.072745596,0.275194168,-0.166703158,-0.11627256,-0.263317504,-0.031257936,-0.072653082,-0.129794987,0.019791201,-0.012146074,-0.040852611,0.055033915,0.963911871,0.929150692,0.975207708,1.202107815,0.869868565,0.915974194,1.010135218,1.017597324,1.181784765,0.903558423,1.339691987,0.907622106,1.051361255,1.201814322,1.415843626,0.973664191,0.908049036,1.626222773,0.918202988,0.924532354,0.817950659,0.111111111,0.038461538,0.04,0.027777778,0.015306122,0.01875,0.012345679,0.0,0.0,0.513752229,3.695726218,3.486933455,3.342881667,1.925908858,1.79079252,1.540022705,1.676566994,58.08270598,98.58772163,0.0,0.0,58.08270598,63.69723038,12.78929223,50.90793816,12.78929223,18.01075068,5.069063478,32.89718747,25.14492703,0.0,0.0,2.534531739,51.72464407,0.0,0,0,0.230769231,2.450620639,0.339413937,0.307692308,0.266272189,0.0,0.06666667,0.997435897,0.803703704,0.208973201,0.193732194,-4.75,0.197828816,0.764852139,1.318601422,1.372255983,3.731196702,1.452757807,5.283203729,4.051002306,6.170544303,-1.715453235,0.0,1.513901587,-2.0,0.159148236,0.148973859,0.0,0.0,0.0,-0.656943584,-1.399075224,-1.610327859,0.0,0.0,0.0,0.042171561,2.068026168,0.0,7.852633701,1,3,0,0,0,0,0,0,0,0,0,0,0,0,2,0,0,0,5,1,0,0.220167549,0.0,-1.416010934,0.0,0,0,0,4,0,0,0.0,-0.128249874,0.0,-1.000114324,0.0,8.347248257,0.181689342,-1.000114324,-0.300231481,0.0,2.389188398,10.85827853,0.0,10.85827853,0,1,1,0,1,0,3,1,1,0,0,0,3,1,1,1,0,0,0,1,0,0,0,0,0,0,5.685866013,2.828427125,4.455659734,1.0,0,0,1,1,1,1,0,0,1,0,0,0,0,1,3,0,1,0,1,0,0,2,1,0,0,0,0,0,5.552529812,44.12528992,0,0,1.584962501,1.016029006,3.250646964,0.414646909,0,2,1,0,0,2,1,2,0,1,0,0,0,0,0,0,2,2,0,1,0,0,0,0,1,0,1,0,0,0,0,0,2,0,0,0,0,0,0,0,0,0,0,0,0,0,2,1,0.0,0.0,2.40685195,0.0,0,0,3.166666667,3.0,2.0,1.0,1.0,0.0,1.0,2.0,0.0,0.076923077,1.0,2.0,0.076923077,0.153846154,1.0,0.0,0.0,0.875,0.0,0.0,0,0.384615385
4,251.26,8.10516129,1.130209677,0,41.93548387,3.225806452,16.12903226,9,6,1,1,0,0.0,0,5.594771242,1266,5.352775638,0.287107119,0.150856218,3.028878076,58.28791319,2.255521364,0.0,4.342993404,1.640167058,1.546631615,0.385132438,3.483750861,4.039211537,4.567099536,0.331066223,0.703191929,0.92186487,1.470445449,0.387096774,0.876694581,1.179974889,0.997855521,0.284849102,2.0,0.243450304,0.013525017,7.706364866,0.072122327,11.68381693,0.814552829,569.0178598,0.872488109,0.016835822,2.780987217,0.737498938,3.609280903,7.578289979,3.230327186,0.010160012,0.972485783,1.398744629,3.186095568,1.193723834,4.998699695,4.084555901,0.250363966,0.013909109,0.276765701,0.183051174,0.166411071,2.802978323,5.092928495,-0.053209627,-0.103931604,-0.093186686,0.079236176,-0.140438412,0.261242112,-0.150213273,-0.067974271,0.372028534,-0.083642164,-0.154597588,-0.081817152,-0.19722479,-0.052422462,-0.037101336,-0.184217617,0.02068042,-0.087672922,-3.87e-05,0.135435747,0.783075278,0.802910112,1.170862042,0.936897273,0.865761325,1.131735201,1.034011936,0.899925415,0.928436033,1.028642111,1.020244112,0.843846638,1.022402228,0.987670458,1.055512793,1.0475585,1.175549803,1.347959102,1.027111998,0.923524973,0.778186081,0.057971014,0.056547619,0.045291005,0.018849206,0.017578231,0.014690171,0.011316872,0.010803571,0.012345679,0.49539337,3.860340384,3.683419907,3.557206491,2.045162951,1.888881665,1.588220292,1.889423285,23.07981416,167.3258663,3.185574951,0.0,23.07981416,80.17102536,62.16027468,18.01075068,14.77903731,18.01075068,55.6358758,0.0,25.14492703,0.0,47.38123737,3.185574951,47.08440799,0.0,0,0,0.583333333,4.717424279,0.513928997,0.20661157,0.309917355,0.0,0.05185185,0.935185185,0.844444444,0.235483871,0.090740741,-0.25,0.131992822,0.794951879,1.424070786,1.467532401,3.814729967,1.496103499,6.248526317,4.587300051,6.75990114,-1.0,-1.695818229,2.690897126,-1.421194708,1.985254299,0.36766348,0.084856053,0.0,0.0,0.0,0.0,0.0,-0.707202782,-0.757106384,-0.982916807,1.0,3.541620592,-0.099539147,7.205190198,0,3,0,0,0,0,0,0,0,0,0,0,0,0,0,0,0,0,6,2,0,-0.624898747,0.0,-3.156414084,0.730984977,0,0,0,2,1,0,0.0,-0.64299304,1.728719766,-1.403970144,0.730984977,8.520775003,0.018094293,-1.403970144,-0.518657407,0.0,2.176963341,11.54143046,0.0,11.54143046,1,1,0,0,0,0,2,2,3,4,0,0,3,4,5,0,0,0,0,1,2,3,1,2,2,0,4.559014114,2.568567607,8.279718795,6.14518994,0,0,1,1,1,1,1,0,0,0,0,0,0,1,2,0,2,0,1,0,0,0,0,0,0,0,0,0,0.0,19.77707291,0,0,2.807354922,-1.449950157,3.47040162,0.66424941,1,0,1,1,0,3,1,5,1,0,0,3,0,0,0,0,3,3,2,2,6,0,0,0,0,0,0,0,0,0,0,0,3,0,0,0,0,0,0,0,1,1,3,4,0,0,8,7,0.0,0.0,7.769480538,0.0,0,0,3.294117647,4.0,1.0,2.0,1.0,0.0,1.0,2.0,3.0,0.166666667,2.0,2.0,0.111111111,0.111111111,0.666666667,0.0,0.666666667,0.7,0.0,1.0,6,0.222222222
5,265.29,7.802647059,1.130932353,0,44.11764706,2.941176471,14.70588235,9,6,1,1,0,0.0,0,5.812865497,1458,6.019505595,0.284765162,0.139864859,2.900313261,66.2354381,2.413754985,0.0,4.342993404,1.607500613,1.524316673,0.37144064,3.510237756,4.194388489,4.675698135,0.315972944,0.689978063,0.919062857,1.577225085,0.411764706,0.878572211,1.198184925,0.998052623,0.290746239,2.0,0.079392805,0.004178569,7.734215245,0.067032526,12.09937086,0.826694047,686.9285743,0.872488109,0.014754275,2.712977342,0.737498938,3.604652212,7.604111407,3.201398788,0.008568795,0.973967892,1.389289877,3.178090538,1.194606373,5.044886063,4.004300206,0.08859727,0.004663014,0.279575604,0.160916586,0.147233679,3.141120867,5.675411972,-0.045785698,-0.019779188,0.063988808,-0.197668727,-0.125873464,0.262201605,-0.110832373,-0.165842331,0.051438859,0.111142257,0.135814412,-0.20844365,-0.201355036,-0.041094977,-0.019317862,-0.106026196,0.01926836,-0.091906696,-0.006508288,0.132941264,0.807616542,0.829940152,1.118433337,1.0203984,0.952323227,1.063362692,0.902204974,1.170847847,0.96959049,0.975982149,1.099001285,1.108311445,0.809700265,1.197428049,1.091224436,1.014457868,1.094448988,1.357952256,1.04429388,0.945646509,0.791973838,0.064814815,0.048295455,0.041481481,0.023042929,0.020322234,0.008029514,0.011316872,0.010763889,0.00744822,0.472357514,3.860658853,3.687105087,3.599240698,2.045714543,1.912018329,1.660101493,1.889572308,25.6143459,167.3258663,3.185574951,0.0,25.6143459,82.7055571,64.69480642,18.01075068,17.31356905,18.01075068,58.17040754,0.0,25.14492703,0.0,47.38123737,5.72010669,73.16114372,0.0,0,0,0.552631579,4.717424279,0.513928997,0.194552529,0.291828794,0.0,0.049122807,0.922807018,0.837878788,0.214705882,0.08492823,-0.75,0.125045832,0.753112307,1.42136451,1.451974995,3.786397267,1.489211303,6.260059361,4.587300051,6.75990114,-1.0,-1.254341664,2.702261737,-1.364353073,1.985254299,0.36766348,0.084856053,0.0,0.0,0.0,0.0,0.0,0.0,-0.707202782,-0.757106384,1.17731143,3.566039531,-0.019658105,7.664405692,0,4,0,0,0,0,0,0,0,0,0,0,0,0,0,0,0,0,6,2,0,-0.369571995,0.0,-2.768325179,0.766086441,0,0,0,3,1,0,0.0,-0.30299241,1.75655027,-1.173784958,0.766086441,8.507837615,0.067154195,-1.173784958,-0.440751134,0.0,2.318491119,11.65012046,0.0,11.65012046,0,1,0,0,0,0,4,3,2,3,0,0,5,5,3,0,0,0,0,2,1,3,2,2,4,1,4.689954604,3.298769777,9.51590922,7.550686951,0,0,1,1,1,1,1,0,0,1,0,0,0,1,2,0,2,0,1,0,0,0,0,0,0,0,0,0,0.0,22.08710861,0,0,2.807354922,-1.654767823,3.455293068,0.667878036,1,0,1,0,0,3,1,2,1,2,0,0,2,0,0,0,3,5,2,4,5,0,0,0,0,0,0,0,0,0,0,0,6,0,0,0,0,0,0,0,1,1,1,4,0,0,9,8,0.0,0.0,8.697084111,0.0,0,0,3.388888889,4.0,3.0,2.0,1.0,0.0,1.0,2.0,1.0,0.157894737,2.0,2.0,0.105263158,0.105263158,0.666666667,0.0,0.666666667,0.7,0.0,2.0,6,0.210526316
6,280.36,7.009,1.139275,0,50.0,5.0,10.0,8,6,1,1,0,0.0,0,5.684210526,1632,5.1446935,0.321809661,0.134480973,2.789461924,76.01894661,2.158871848,0.0,4.904348424,1.578389825,1.581290899,0.396449607,3.601712212,4.38418372,4.58418372,0.296582328,0.676768297,0.861376486,1.720215883,0.737744375,0.834724389,1.19354962,0.996999448,0.291956633,2.0,0.015238434,0.000761922,7.966412754,0.063699598,12.73991958,0.829449342,750.6071467,0.826678573,0.014377461,2.931633382,0.762113385,3.66142297,7.606547019,3.306269399,0.000576599,0.974606588,1.362943095,3.158089657,1.186970738,5.080218788,4.005669035,0.067619112,0.003380956,0.277335287,0.023920075,0.108970284,3.6047144,6.98382443,-0.04952611,-0.03495262,-0.080704411,-0.139114168,-0.149602545,0.179055632,0.033241838,-0.171320667,0.043541981,-0.079789916,-0.151749724,-0.057511217,-0.07789161,-0.167993503,-0.102032675,0.109991454,-0.102619213,-0.022468627,0.089203945,-0.031503618,0.930711505,0.806214172,1.042686431,1.054753808,0.878049638,1.033748733,1.096366129,1.178509617,1.035362292,0.83519475,1.169520972,1.026923105,1.370788441,1.336493112,1.124216006,1.061573153,0.780691705,1.331180177,0.971186027,0.848644255,1.038613757,0.098765432,0.046296296,0.046183575,0.02806713,0.023886424,0.01754386,0.012636394,0.01140625,0.014437302,0.574222663,3.880583871,3.702407213,3.636449593,2.037599608,1.938914319,1.75627471,1.893128053,53.44246989,141.2710648,3.185574951,0.0,71.09287842,117.7979677,66.89002952,50.90793816,11.3346311,18.01075068,61.27550511,32.89718747,25.14492703,0.0,36.60290347,22.1380699,108.4744497,0.0,0,0,0.475,4.261700229,0.692561792,0.299270073,0.383211679,0.0,0.043333333,0.893333333,0.774666667,0.163333333,0.118666667,-2.25,0.118790563,0.471518737,1.443415775,1.494354322,3.821578199,1.540283143,6.378850542,4.091818302,6.199749888,-1.0,-1.319091792,2.949011637,-1.114877806,0.323147962,0.06394662,0.0,0.0,0.0,0.0,0.0,0.0,0.0,0.0,0.0,1.056115722,2.817359314,-0.06622505,6.507825213,2,3,0,0,0,0,0,0,0,1,0,0,0,0,0,0,1,0,6,2,0,0.131119615,0.0,-1.603185679,0.805656426,0,0,0,1,2,0,1.791659772,0.131119615,1.468172976,-1.044589947,0.103232012,9.153509543,0.131119615,-0.071187696,-0.480390422,0.0,2.434680414,11.80423081,0.0,11.80423081,0,0,0,0,2,1,7,6,4,2,1,0,5,6,8,2,1,2,0,1,3,2,0,0,4,4,7.326583883,2.828427125,6.855091677,7.203019982,0,0,1,1,1,1,1,0,1,1,0,0,0,1,3,0,4,0,2,0,0,2,2,1,2,0,1,0,3.079999924,40.05833054,0,0,2.584962501,-1.841664283,3.753422531,0.615663661,2,0,1,1,0,2,1,2,1,2,0,0,1,0,0,0,5,13,6,4,2,0,0,0,0,0,1,0,0,0,0,0,9,0,3,2,1,0,0,0,0,3,2,0,0,0,9,7,0.5,0.0,4.883593419,0.0,0,0,3.684210526,4.0,3.0,1.5,1.0,0.5,1.0,2.0,0.5,0.1,1.5,0.5,0.075,0.025,0.833333333,0.0,0.333333333,0.6125,0.0,0.5,3,0.225
7,278.39,6.628333333,1.137542857,0,52.38095238,4.761904762,7.142857143,8,6,1,1,0,0.0,0,5.821052632,1614,5.978984231,0.30065748,0.14647194,2.695406379,70.03368816,2.365957321,0.0,4.545287476,1.500275945,1.570950594,0.37922532,3.438034452,4.347691161,4.642084685,0.278224709,0.637580132,0.860870071,1.954282971,0.750232738,0.835720664,1.185325773,0.997463826,0.287777237,2.0,0.0,0.0,7.881874563,0.062740852,12.54817043,0.836587648,792.9642888,0.710846758,0.013508869,2.758852609,0.677881247,3.59915919,7.561509933,3.28091811,0.005642247,0.975153342,1.345049662,3.175364657,1.209895237,5.090218709,4.095723196,0.068877086,0.003443854,0.281912721,0.111424609,0.048569339,3.906815785,7.640908407,-0.030212238,-0.193140211,-0.182685132,-0.050389298,-0.106199305,0.220546925,0.096768399,-0.121603935,0.128067173,-0.218175453,-0.307001388,-0.020917851,-0.095955907,-0.152974714,0.11121267,-0.070506879,-0.065148437,0.009431768,-0.127918131,-0.019540165,0.965390704,0.891423853,1.052744051,0.940477313,0.953116875,1.273943136,1.223195679,0.97149175,1.092701894,0.779029605,1.210529612,1.07745929,1.691459586,0.660684549,1.169135402,0.785330096,1.063237499,1.314611504,0.912601177,1.142190499,0.946970911,0.076923077,0.0475,0.052962963,0.021634615,0.016326531,0.013078704,0.011725488,0.009166667,0.008847494,0.508165538,3.86446573,3.712270672,3.662156137,2.057148091,1.951590267,1.779039724,1.89485964,55.97700163,98.58772163,3.185574951,0.0,73.62741016,129.8087469,78.90080873,50.90793816,13.86916284,18.01075068,73.28628432,32.89718747,25.14492703,0.0,65.03164589,8.254638429,129.482122,0.0,0,0,0.45,4.026781435,0.603245394,0.258064516,0.322580645,0.0,0.035,0.855,0.7625,0.130952381,0.0925,-2.5,0.118790563,0.471518737,1.438317453,1.485243093,3.812289165,1.526142957,6.252385463,4.091818302,6.199749888,-1.0,-1.0,2.878589833,-1.081606137,0.323147962,0.06394662,0.0,0.0,0.0,0.0,0.0,0.0,0.0,0.0,0.0,1.186329085,2.730956172,-0.01940664,9.501897424,2,4,0,0,0,0,0,0,0,0,0,0,0,0,0,0,0,0,7,1,0,0.777600466,0.0,-1.457533174,0.94989313,0,0,0,2,1,0,1.908723834,0.388026109,1.873783909,-0.884885781,0.94989313,9.086999493,0.389574358,0.182173916,-0.428793462,0.0,2.504331774,11.94429752,0.0,11.94429752,0,0,0,0,0,0,4,6,5,2,0,0,3,7,6,1,2,2,0,1,1,1,1,1,5,7,3.746748298,1.889881575,7.479011596,8.816526909,0,0,1,1,1,1,1,0,0,1,0,0,0,1,3,0,6,0,4,0,0,2,3,0,0,0,0,0,3.079999924,26.28859329,0,0,2.584962501,-2.215804898,3.561720701,0.730713984,1,1,0,0,0,2,1,2,0,1,0,0,1,0,0,1,4,6,6,1,3,0,0,0,0,0,1,0,0,0,0,1,7,0,2,3,2,1,0,0,0,0,1,2,0,0,11,10,0.5,0.0,7.43776511,0.0,0,0,3.578947368,3.5,3.0,2.0,1.0,0.0,1.0,2.0,0.5,0.1,1.5,0.0,0.075,0.0,0.833333333,0.0,0.333333333,0.606060606,0.0,1.0,3,0.175
8,222.27,7.409,1.1372,0,46.66666667,6.666666667,10.0,8,6,1,1,0,0.0,0,5.216666667,928,4.246723232,0.304403685,0.14306798,2.730876795,41.10139661,2.125,0.0,4.593856426,1.636503788,1.5,0.418919977,3.520763631,4.094739663,4.440223929,0.333511367,0.71751419,0.904895645,1.386126964,0.466666667,0.865661714,1.224632246,0.997589974,0.304244086,2.0,0.034074174,0.002129636,7.580507422,0.085381223,10.92879655,0.783381716,392.6785738,0.710846758,0.021888304,2.857548456,0.677881247,3.600042371,7.400623139,3.230624749,0.006853857,0.96890597,1.364967199,3.185955822,1.193727564,4.881779639,3.811150743,0.034386491,0.002149156,0.280740899,0.101399535,0.092135241,2.534450802,4.741274592,-0.049088392,-0.073514311,-0.183491189,-0.145604758,-0.152128998,0.196422387,0.056122905,-0.210305851,0.218995884,-0.138415338,-0.315189447,-0.138802394,-0.151438157,-0.025570514,-0.003536845,-0.116257839,0.120874748,-0.042340745,-0.171164716,-0.001592486,0.867842782,0.89139146,1.031558989,1.094248847,0.785878021,1.110650808,1.230307179,1.13830752,0.955386216,0.85360547,1.25697912,0.799594623,1.612807839,1.008648168,1.044523028,0.895801385,1.008546549,1.298215852,0.981460433,1.119053102,0.904146491,0.066666667,0.042763158,0.046535948,0.02375731,0.014965986,0.013503086,0.013290501,0.015625,0.0,0.455857656,3.862420389,3.624220895,3.482945991,2.054506547,1.850268677,1.649306437,1.894894437,55.54817424,98.58772163,3.185574951,0.0,55.54817424,111.729511,60.82157281,50.90793816,13.44033544,18.01075068,53.10134406,32.89718747,25.14492703,0.0,47.38123737,3.185574951,26.07673573,0.0,0,0,0.5625,4.092633687,0.369771045,0.191780822,0.273972603,0.0,0.043749999,0.89375,0.775,0.183333333,0.11875,-0.5,0.148488204,0.589398421,1.398113965,1.429122627,3.785092447,1.478869846,6.120846719,4.091818302,6.199749888,-1.0,-1.920780313,2.688773488,-1.605530677,0.323147962,0.06394662,0.0,0.0,0.0,0.0,0.0,0.0,-0.666335884,-0.972584903,-1.462070824,1.0,2.730998131,-0.854648812,4.144732221,1,2,0,0,0,0,0,0,0,0,0,0,0,0,1,0,0,0,8,1,0,0.042145849,0.0,-1.533347978,0.85390873,0,0,0,2,1,0,0.0,-0.209752299,1.810061413,-0.931990741,0.85390873,8.923433485,0.251898148,-0.931990741,-0.46913785,0.0,2.351130008,11.0174304,0.0,11.0174304,0,0,0,0,0,0,2,3,4,2,0,0,2,5,6,0,1,2,0,1,2,1,0,1,0,0,3.746748298,1.889881575,5.271826881,3.388942792,0,0,1,1,1,1,0,0,0,0,0,0,0,1,3,0,4,0,2,0,0,2,2,0,2,0,1,0,3.519376278,21.22737885,0,0,2.584962501,-1.160461927,3.451034724,0.66793468,2,0,0,1,0,4,3,0,1,0,0,1,0,0,0,1,4,1,3,2,1,0,0,0,0,0,0,0,0,0,0,1,3,0,0,1,1,2,0,0,0,0,0,0,0,0,7,7,0.0,0.0,7.769480538,0.0,0,0,2.666666667,4.0,3.0,0.0,0.0,0.0,1.0,2.0,1.0,0.1875,2.0,3.0,0.125,0.1875,0.666666667,0.0,0.666666667,0.714285714,0.0,1.0,6,0.1875
9,294.34,7.547179487,1.137569231,0,46.15384615,5.128205128,12.82051282,9,6,1,1,0,0.0,0,6.038095238,1835,6.38225858,0.29789331,0.136588425,2.947674897,83.81093461,2.51272875,0.0,4.545287476,1.645113516,1.556656707,0.367635046,3.574400784,4.301696373,4.875145809,0.311256069,0.676277913,0.92237934,1.711001435,0.41025641,0.887705065,1.200552751,0.997660809,0.292864469,2.0,0.300908806,0.014328991,7.905472005,0.058852298,12.97693174,0.846322671,918.0357175,0.930475367,0.012213966,2.743730459,0.839798381,3.599909492,7.67669956,3.278124748,0.005983763,0.976343737,1.37662527,3.156320011,1.183662969,5.12627888,4.221019831,0.165433987,0.007877809,0.279580488,0.124439188,0.159712567,3.422070169,6.365330251,-0.055382885,0.018594773,-0.086193525,0.185059851,-0.153530603,0.237184716,-0.025102263,-0.22864673,0.104239714,0.190764845,-0.083648973,0.102852061,-0.185492656,-0.072033938,0.120441018,0.023681027,0.010598254,-0.014876351,-0.147870541,-0.037855615,0.857641721,0.846899253,1.049696394,1.11142964,0.878466027,1.003855649,1.11955201,0.776627667,0.973963652,0.873270097,1.211913402,0.907437364,1.205199145,0.701829452,1.082664873,0.774223693,0.974875454,1.400928146,0.976314465,1.120580992,0.993171506,0.082304527,0.040865385,0.04962963,0.027006173,0.013605442,0.017054739,0.006440539,0.009166667,0.008706595,0.492874933,3.863977967,3.709000498,3.612691752,2.056254259,1.926790317,1.74954345,1.894755176,58.51153337,167.3258663,3.185574951,0.0,58.51153337,115.6027446,64.69480642,50.90793816,17.31356905,18.01075068,58.17040754,32.89718747,25.14492703,0.0,47.38123737,8.254638429,73.16114372,0.0,0,0,0.5,4.925014113,0.603245394,0.218309859,0.316901408,0.0,0.04920635,0.920634921,0.801282051,0.200854701,0.119352869,-2.0,0.11313387,0.672010442,1.429961974,1.472888925,3.812967443,1.515277,6.330166439,4.569533816,6.74841219,-0.65859918,-1.0,2.879954069,-1.194135635,1.952281513,0.323147962,0.06394662,0.0,0.0,0.0,0.0,0.0,0.0,0.0,0.0,1.255993256,3.58941726,-0.017913911,8.235740921,0,5,0,0,0,0,0,0,0,0,0,0,0,0,0,0,0,0,7,2,0,-0.252404151,0.0,-3.016448192,0.858852749,0,0,0,3,1,0,0.0,-0.342093226,1.811752283,-1.254237633,0.858852749,8.551970503,0.27573704,-0.889742536,-0.614220522,0.0,2.265026219,11.8600548,0.0,11.8600548,0,1,0,0,2,1,5,4,5,3,0,0,5,3,4,1,2,0,0,2,1,1,3,1,3,3,5.455827233,3.298769777,10.3125237,7.847121077,0,0,1,1,1,1,1,0,0,1,0,0,0,1,3,0,6,0,4,0,0,2,2,0,0,0,0,0,3.5197227,48.82843018,0,0,2.807354922,-1.328287441,3.59511704,0.520125952,2,2,0,2,0,5,3,3,4,1,0,2,1,0,0,0,9,5,0,6,2,0,0,0,0,0,0,0,0,0,0,0,4,0,3,0,0,0,0,0,1,0,2,1,0,0,9,8,0.0,0.0,8.182827496,0.0,0,0,3.725,3.5,4.0,1.5,2.0,0.0,1.0,2.0,0.5,0.095238095,1.5,1.0,0.071428571,0.047619048,0.833333333,0.0,0.333333333,0.625,0.0,1.5,3,0.261904762
10,276.28,7.893714286,1.153394286,0,45.71428571,5.714285714,20.0,4,0,0,0,0,0.0,0,4.748538012,812,8.260320754,0.277651807,0.111877794,3.041634648,151.0206577,2.31345975,0.0,2.833213344,1.732975434,1.557431962,0.674509359,3.23674499,3.978864088,4.500711588,0.337859196,0.631032637,0.910875876,1.892538027,0.628571429,0.85761695,1.134917302,0.997321068,0.288129833,2.0,0.097631073,0.005138478,7.636495613,0.055555556,18.0,0.947368421,727.25,1.110446746,0.014255152,4.700709677,0.979115285,3.537091992,7.548377716,3.814947826,0.002181898,0.92023258,1.398960037,2.929010963,1.110784603,4.881466896,3.776700417,0.08475192,0.004460627,0.284666807,0.062663254,0.304035672,2.754408906,4.40814899,-0.093200799,0.021043895,-0.103226918,0.175981396,-0.219575699,0.26232866,-0.114965062,-0.310587968,0.030149991,0.262468581,-0.106651235,-0.032808698,-0.283125192,-0.056020978,0.021445425,-0.054873866,-0.007898511,0.000245061,-0.05487515,0.040085001,0.859725632,0.762835084,1.047886256,1.149493648,0.87023574,0.975151288,1.104709104,0.833978515,1.057716638,0.955346148,1.226328091,0.938614908,1.077442357,0.968353022,1.300657879,0.886292524,0.972494059,1.668854901,0.971555049,1.019123996,0.909865204,0.106280193,0.045454545,0.04952381,0.032407407,0.011661808,0.016826923,0.014403292,0.004444444,0.016528926,0.603086904,3.760231909,3.59406735,3.526790424,1.94016378,1.861150689,1.644377321,1.713011631,61.04606511,236.064011,0.0,0.0,61.04606511,68.48033847,17.57240031,50.90793816,17.57240031,18.01075068,10.13812696,32.89718747,25.14492703,0.0,0.0,5.069063478,99.23787945,0.0,0,0,0.315789474,3.841036528,0.679041437,0.336065574,0.368852459,0.0,0.071929827,1.024561404,0.850666667,0.264519774,0.173894737,-5.5,0.131989515,1.044114659,1.418183917,1.463441901,3.81156499,1.537300947,5.894402834,4.891473385,7.100671924,-1.0,-1.433253237,2.693336069,-1.372066806,2.340922281,1.952281513,0.323147962,0.06394662,0.0,0.0,-0.666335884,-0.757106384,-0.757106384,-0.972584903,-1.462070824,1.10551839,3.591763413,-0.25682884,9.146506164,0,6,0,0,0,0,0,0,0,0,0,0,0,0,0,0,0,0,2,3,0,-1.141314615,0.0,-4.50124094,0.0,0,0,0,4,0,0,0.0,-0.415068762,0.0,-1.361594388,0.0,8.412923615,-0.132503701,-1.150205499,-0.820334467,0.0,2.075577286,11.47529337,0.0,11.47529337,0,2,1,0,2,1,6,2,2,2,0,0,7,1,2,1,1,0,0,3,1,1,0,0,1,0,6.932375769,5.059559986,7.060654416,3.77976315,0,0,1,1,1,1,1,0,1,0,0,0,0,1,3,0,3,0,1,0,0,4,1,0,0,0,0,0,3.079999924,82.33722687,0,0,2.321928095,0.630081414,3.48960905,0.285960406,1,2,1,1,1,4,1,3,2,4,0,2,3,0,0,0,5,4,2,0,1,0,0,1,4,1,3,0,4,0,0,0,6,0,0,1,1,0,0,0,2,0,1,2,0,0,4,2,0.0,0.0,1.8256723,0.0,0,0,3.527777778,3.5,4.0,1.0,2.0,0.0,1.0,2.0,0.5,0.105263158,1.5,2.0,0.078947368,0.105263158,0.833333333,0.0,0.333333333,0.641666667,0.0,2.0,0,0.394736842
11,234.24,7.808,1.15814,0,46.66666667,6.666666667,20.0,3,0,0,0,0,0.0,0,4.266666667,512,6.126331125,0.31200154,0.115572875,3.029274954,99.47463044,2.099601753,0.0,2.564949357,1.746465799,1.546179692,0.665360031,3.431401845,4.306890596,4.573557262,0.35592108,0.699302701,0.945654654,1.47548875,0.333333333,0.914711452,1.144619,0.995766384,0.299231388,2.0,0.017595828,0.001099739,7.378558922,0.066666667,15.0,0.9375,454.6964286,1.024504317,0.019032874,4.35956722,0.911881023,3.509287762,7.340005778,3.707766081,0.00413696,0.90577329,1.39300877,2.879517577,1.093313128,4.679287145,3.620862419,0.023835855,0.001489741,0.287358604,0.057391264,0.279633676,2.210329422,3.361869921,-0.107220611,-0.075053048,-0.044199891,0.128074115,-0.25790844,0.150831845,-0.036370946,-0.232508037,0.11628896,0.020903409,-0.216129177,-0.032058784,-0.257159631,-0.092367222,0.004855338,-0.282032731,0.000631019,0.0190904,-0.015868678,0.055366805,0.88996148,0.821538195,0.978913917,1.186912092,0.869711968,1.060577702,1.011285535,0.873727862,1.063001433,0.885677492,1.262606408,0.866722491,1.110082105,1.053661722,1.324331616,0.945808083,1.157002571,1.70633385,0.875870357,0.898669257,0.847869315,0.116959064,0.052631579,0.045,0.022222222,0.014842301,0.024305556,0.014814815,0.0,0.0,0.590775536,3.730146084,3.579094121,3.441888934,1.924179554,1.829724764,1.558862158,1.686862717,55.97700163,167.3258663,0.0,0.0,55.97700163,62.50140051,11.59346236,50.90793816,11.59346236,18.01075068,5.069063478,32.89718747,50.28985406,0.0,0.0,2.534531739,49.61893973,0.0,0,0,0.28125,3.268176381,0.534883485,0.352941176,0.367647059,0.0,0.075000003,1.0375,0.836363636,0.265333333,0.201136364,-5.25,0.158382737,0.943520837,1.384732563,1.436668099,3.782247422,1.514328021,5.686975356,4.573054343,6.775318263,-1.0,-1.941985878,2.690806341,-1.735617315,1.905916463,0.261654725,0.159148236,0.0,0.0,0.0,-0.922766169,-0.957678818,-1.399738836,-1.610327859,-1.613998424,0.399594112,3.530988644,-0.763069861,7.997640787,1,4,0,0,0,0,0,0,0,0,0,0,0,0,1,0,0,0,4,2,0,-1.039446019,0.0,-3.262707572,0.0,0,0,0,3,0,0,0.0,-0.730101726,0.0,-1.38096986,0.0,8.420351684,-0.098279478,-1.163745748,-0.66837963,0.0,2.023447657,11.10980631,0.0,11.10980631,1,1,2,0,3,1,3,1,2,0,0,0,3,3,3,1,0,0,0,1,1,0,0,0,0,0,6.688477641,3.865957546,4.689954604,1.0,0,0,1,1,1,1,0,0,1,0,0,0,0,1,5,0,1,0,1,0,0,2,2,0,0,0,0,0,5.552529812,68.52209473,0,0,2.0,1.154384923,3.516256596,0.302607225,0,3,1,0,0,4,2,5,0,1,0,0,0,2,0,0,2,2,0,2,1,0,0,0,3,0,1,0,3,0,0,0,2,0,0,0,0,0,0,0,0,1,1,0,0,0,2,1,0.0,0.0,1.10520945,0.0,0,0,3.666666667,3.5,1.5,2.0,2.5,0.0,1.0,2.5,0.5,0.09375,1.0,2.0,0.0625,0.125,0.75,0.0,0.5,0.668181818,0.0,0.0,0,0.4375
12,218.24,7.525517241,1.156372414,0,48.27586207,6.896551724,17.24137931,3,0,0,0,0,0.0,0,4.133333333,434,6.03797671,0.302473082,0.092713189,2.85270088,84.55968473,2.063458299,0.0,2.302585093,1.72306343,1.5058231,0.657256824,3.270425822,4.142295219,4.418157288,0.354687149,0.673206796,0.923660016,1.587555173,0.439823707,0.891801013,1.116879394,0.996733662,0.288267637,2.0,0.128916643,0.008594443,7.258969361,0.071428571,14.0,0.933333333,385.4285714,0.930475367,0.021012086,4.196593109,0.839798381,3.504482955,7.293876747,3.637649393,0.008673885,0.89979008,1.381859016,2.905985415,1.114357748,4.640285705,3.557153341,0.107958642,0.007197243,0.284981367,0.124755588,0.20629109,2.205819431,3.342248919,-0.088345886,0.012404141,-0.010861177,0.050637389,-0.208356689,0.2535008,-0.056778153,-0.385740233,0.12231686,0.150327266,-0.176420808,-0.054593635,-0.243489114,-0.099362848,0.008355128,-0.30433713,0.004561172,0.019934724,-0.015252581,0.06693164,0.891610238,0.741355029,1.032475879,1.275475387,0.852847509,0.971442773,0.969813518,0.948544404,1.112794452,0.92996721,1.446530394,0.841139774,1.056659869,1.088730998,1.353979959,0.937766376,1.172937045,1.652496582,0.854518339,0.901139144,0.833627104,0.12345679,0.044117647,0.049230769,0.025641026,0.016326531,0.0234375,0.012345679,0.0,0.0,0.615984513,3.723508852,3.568757789,3.443136692,1.929074116,1.82695902,1.554651342,1.687276836,55.97700163,167.3258663,0.0,0.0,64.8022059,71.32660478,20.41866662,50.90793816,11.59346236,18.01075068,13.89426774,32.89718747,50.28985406,0.0,0.0,11.359736,84.93224572,0.0,0,0,0.3,2.955347818,0.572888287,0.396907216,0.386597938,0.0,0.068888888,1.008888889,0.831666667,0.239007092,0.177222222,-4.5,0.16969579,1.010915182,1.422769065,1.473448394,3.768998661,1.561653516,5.65248918,4.573054343,6.775318263,-1.403736574,0.0,2.685543933,-1.749117548,1.905916463,0.261654725,0.159148236,0.0,0.0,-0.571896168,-0.957678818,-1.399738836,-1.610327859,-1.613998424,0.0,0.303904752,3.530348268,-0.976024666,7.900697658,1,4,0,0,0,0,0,0,0,0,0,0,0,0,0,0,0,0,2,2,0,-0.126396447,0.0,-2.859661019,0.0,0,0,0,2,0,0,1.316823035,-0.106064815,0.0,-1.101033163,0.0,8.414178844,-0.020331633,-0.987451342,-0.526296296,0.0,2.186642101,11.06202853,0.0,11.06202853,0,1,1,0,2,1,4,1,1,1,0,0,5,2,2,1,0,1,0,2,1,0,0,1,0,0,5.825907089,3.298769777,5.336604381,3.0,0,0,1,1,1,1,0,0,1,0,0,0,0,1,4,0,1,0,1,0,0,2,2,0,0,0,0,0,5.552650928,55.20812988,0,0,2.0,0.534083007,3.44469439,0.427408333,0,2,1,0,0,3,2,2,0,1,0,0,0,1,0,0,3,2,0,1,1,0,0,0,3,0,1,0,2,0,0,0,3,0,0,0,1,0,0,0,0,1,1,0,0,0,3,1,0.0,0.0,1.0,0.0,0,0,3.607142857,3.0,1.5,2.0,2.0,0.0,1.0,2.0,0.5,0.066666667,0.5,2.0,0.033333333,0.133333333,0.5,0.0,0.0,0.7,0.0,0.0,0,0.433333333
13,218.29,6.614848485,1.156236364,0,54.54545455,6.060606061,12.12121212,2,0,0,0,0,0.0,0,3.752380952,394,5.592957822,0.302671511,0.127486681,2.7618613,82.91116824,2.013132465,0.0,0.0,1.60233427,1.5058231,0.762591768,3.200133397,4.271370634,4.331976695,0.317646526,0.634394007,0.858770467,1.844260722,0.712417424,0.85150041,1.12035809,0.995805646,0.2930197,2.0,0.128916643,0.008594443,7.401389859,0.071428571,14.0,0.933333333,353.0714286,0.826678573,0.023580066,4.737489414,0.762113385,3.528676832,7.174713955,3.464323996,0.004374171,0.899255673,1.351527938,2.88712361,1.120080846,4.622316399,3.372272366,0.007249885,0.000483326,0.291174933,0.047598474,0.128254239,2.687313553,4.407912111,-0.077330804,-0.241759203,-0.224875227,-0.183827548,-0.173347042,0.138189638,0.089195503,-0.064450982,0.038322153,-0.238663459,-0.103215281,-0.083307371,-0.125762081,-0.187732016,0.011522702,-0.229637574,-0.0691707,0.097180888,-0.038211159,-0.098142642,1.010406727,0.864390152,0.981571035,0.929641433,0.959252729,1.283262579,1.261073789,1.085180123,1.243655688,0.749048807,1.093627465,0.997430833,1.396681838,0.803340563,1.433183452,0.806311406,1.057126138,1.539885005,0.775286733,1.07462291,1.003997467,0.111111111,0.055555556,0.051764706,0.026143791,0.020408163,0.008928571,0.0,0.0,0.0,0.59534047,3.748038865,3.528206618,3.45787805,2.009519728,1.839056006,1.636717364,1.733344579,53.44246989,98.58772163,0.0,0.0,71.09287842,76.70740283,25.79946467,50.90793816,8.149056147,18.01075068,20.18494026,32.89718747,25.14492703,0.0,17.65040852,2.534531739,105.939918,0.0,0,0,0.2,2.369943703,0.534883485,0.412060302,0.376884422,0.0,0.057777777,0.957777778,0.793333333,0.171330325,0.164444444,-5.75,0.169700805,0.673598195,1.39196692,1.438202763,3.810803327,1.545789325,5.533389489,4.091818302,6.199749888,-1.306413668,0.0,2.140874831,-1.865056103,0.323147962,0.06394662,0.0,0.0,0.0,0.0,-0.666335884,-0.972584903,-1.462070824,-1.614195753,0.0,0.134127124,2.354247943,-0.974819511,4.870915737,3,3,0,0,0,0,0,0,0,0,0,0,0,0,1,0,0,0,4,1,0,-0.167586451,0.0,-1.742833522,0.0,0,0,0,2,0,0,1.855225891,-0.500147865,0.0,-1.070359033,0.0,8.605310689,0.332561413,0.149769463,-0.647638889,0.0,2.275,11.21097978,0.0,11.21097978,1,0,0,0,0,0,2,3,2,2,0,0,2,5,3,0,1,2,0,1,0,0,0,0,0,0,5.539172577,2.828427125,5.38907077,2.0,0,0,1,1,1,1,0,0,0,0,0,0,0,1,4,0,2,0,1,0,0,2,2,0,0,0,0,0,3.079949617,34.70313263,0,0,1.584962501,-0.251958411,3.45770096,0.466225351,2,1,1,0,0,2,2,3,0,1,0,0,1,0,0,1,2,3,2,0,3,0,0,1,0,0,1,0,0,0,0,1,6,0,0,1,2,1,0,0,0,0,0,0,0,0,4,3,0.5,0.0,0.2,0.0,0,0,2.964285714,3.5,2.0,1.0,0.0,0.0,1.0,2.5,0.5,0.133333333,1.5,0.5,0.1,0.033333333,0.833333333,0.0,0.333333333,0.62987013,0.0,0.5,0,0.3
14,294.34,7.547179487,1.137569231,0,46.15384615,5.128205128,12.82051282,9,6,1,1,0,0.0,0,6.095238095,1832,6.38225858,0.305330197,0.130420358,2.859379503,83.12545126,2.51272875,0.0,4.798884927,1.645113516,1.556656707,0.362121787,3.574400784,4.250414322,4.823863757,0.311256069,0.676277913,0.92237934,1.711001435,0.461538462,0.878367224,1.204199423,0.997827356,0.294274343,2.0,0.120131187,0.005720533,7.886821118,0.059028482,13.01578027,0.844996987,930.0357175,0.930475367,0.01205974,2.707848008,0.839798381,3.602370887,7.676698579,3.285387247,0.005393127,0.976292112,1.378204087,3.156320011,1.181696246,5.12627888,4.092003477,0.082588986,0.003932809,0.27960059,0.105252698,0.159712567,3.422070169,6.540249299,-0.055382885,-0.019792975,-0.13839358,-0.032273069,-0.153530603,0.237184716,-0.000406249,-0.243182163,0.120717796,0.020089351,-0.248457438,-0.049612243,-0.185492656,-0.077571948,-0.004355396,-0.105255571,0.003874186,-0.014832978,-0.018552749,0.050413313,0.857641721,0.846899253,1.042519206,1.142112113,0.810894493,1.034674293,1.134947757,1.021323591,0.973963652,0.849207314,1.269296431,0.872984143,1.324401906,1.055707175,1.082664873,0.966177051,1.065637811,1.400928146,0.950388268,0.965586691,0.903079137,0.082304527,0.040865385,0.044830918,0.023771368,0.015084295,0.015432099,0.012581885,0.008125,0.007810994,0.488901707,3.865721179,3.689129031,3.606289796,2.055166642,1.923030448,1.772680821,1.895263104,58.51153337,167.3258663,3.185574951,0.0,58.51153337,115.6027446,64.69480642,50.90793816,17.31356905,18.01075068,58.17040754,32.89718747,50.28985406,0.0,47.38123737,5.72010669,75.69567546,0.0,0,0,0.5,4.925014113,0.603245394,0.218309859,0.316901408,0.0,0.04920635,0.920634921,0.801282051,0.200854701,0.119352869,-2.0,0.113130527,0.673943455,1.428097775,1.466257598,3.786385551,1.512322722,6.330166439,4.573054343,6.775318263,-0.731796748,-1.0,2.985164603,-1.168433459,1.905916463,0.261654725,0.159148236,0.0,0.0,0.0,0.0,0.0,0.0,0.0,0.0,1.230696114,3.531247458,0.0,9.106576524,0,5,0,0,0,0,0,0,0,0,0,0,0,0,0,0,0,0,7,2,0,-0.016094734,0.0,-2.868854287,0.784664221,0,0,0,3,1,0,0.0,-0.132900447,1.766307534,-1.131341296,0.784664221,8.609024914,0.159620496,-1.054673564,-0.53237859,0.0,2.37226285,11.65223671,0.0,11.65223671,0,1,1,0,2,1,5,4,4,2,0,0,5,7,8,1,0,1,0,2,3,1,2,2,4,1,5.825907089,3.298769777,9.699764351,7.550686951,0,0,1,1,1,1,1,0,1,1,0,0,0,1,4,0,3,0,2,0,0,2,2,0,1,0,2,0,5.552627087,53.88612366,0,0,2.807354922,-0.815884107,3.697380604,0.520125952,1,1,1,1,0,3,2,2,1,2,0,0,0,0,0,0,4,7,4,2,2,0,0,1,0,0,1,0,2,0,0,0,7,0,0,0,1,3,0,0,0,2,2,3,0,0,9,8,0.0,0.0,8.697084111,0.0,0,0,4.325,3.5,2.5,2.0,2.5,1.0,1.0,2.0,0.5,0.095238095,1.5,1.0,0.071428571,0.047619048,0.833333333,0.0,0.333333333,0.6625,0.0,0.5,3,0.261904762
15,275.3,7.647222222,1.157158333,0,47.22222222,8.333333333,16.66666667,4,0,0,0,0,0.0,0,4.85380117,830,8.260320754,0.286455577,0.10735302,2.960987917,147.2431084,2.31345975,0.0,2.890371758,1.754069119,1.557431962,0.65069482,3.313566073,4.169925001,4.781036113,0.339283281,0.640931169,0.935524532,1.856358928,0.388888889,0.904573751,1.13541239,0.997318241,0.288352262,2.0,0.097631073,0.005138478,7.599892799,0.055555556,18.0,0.947368421,747.0714286,1.074514737,0.013785095,4.554616174,0.998497251,3.517157779,7.540556835,3.966754598,0.001103404,0.920363973,1.39126886,2.937984648,1.118667865,4.887284831,3.877750071,0.041395107,0.00217869,0.284402022,0.030476452,0.25730308,2.709318734,4.596486531,-0.090136429,0.01172279,-0.052704841,-0.008786119,-0.216945757,0.248375265,-0.09812276,-0.308932068,0.049997803,0.199754901,-0.095689985,-0.100460484,-0.274205676,-0.071952136,0.010696181,-0.149833046,-0.024305021,-0.006103287,0.003485198,0.067635251,0.884171074,0.772653753,1.065027609,1.160081493,0.862448272,0.990579551,1.032151681,0.985667927,1.059381564,0.975905095,1.285359487,0.954676058,1.064052288,1.05126496,1.278675298,0.955807465,1.099987685,1.650509347,0.940537151,0.916793908,0.874768306,0.106280193,0.045454545,0.048,0.027777778,0.015037594,0.017857143,0.013295347,0.008,0.011019284,0.598277439,3.753412893,3.613577132,3.53555661,1.945372385,1.877177551,1.684865732,1.713138516,93.94325258,197.1754433,0.0,0.0,93.94325258,105.1723014,21.36717577,83.80512563,21.36717577,18.01075068,10.13812696,65.79437494,50.28985406,0.0,0.0,5.069063478,99.23787945,0.0,0,0,0.315789474,3.816986619,0.679041437,0.341463415,0.365853659,0.0,0.068421051,1.005263158,0.815384615,0.243408663,0.189878543,-5.5,0.131985614,0.995803127,1.426694636,1.463245693,3.781916189,1.548967747,5.894402834,4.729548592,6.857432414,-1.0,-1.468553671,2.717113012,-1.291846308,1.905916463,1.885821873,0.261654725,0.159148236,0.0,0.0,-0.499338059,-0.571896168,-0.922766169,-0.957678818,-1.386483814,1.145695276,3.532293351,-0.273287331,9.208624316,0,6,0,0,0,0,0,0,0,0,0,0,0,0,0,0,0,0,2,2,0,-0.620614554,0.0,-3.851467704,0.0,0,0,0,4,0,0,0.0,-0.214466175,0.0,-1.235136527,0.0,8.508108801,-0.107812343,-1.180881808,-0.644842215,0.0,2.171364324,11.39052485,0.0,11.39052485,0,2,1,0,2,1,6,2,1,3,0,0,6,3,2,2,0,2,0,2,1,0,0,1,0,0,7.91979941,4.242640687,7.006753927,3.77976315,0,0,1,1,1,1,1,0,1,0,0,0,0,2,4,0,2,0,2,0,0,4,3,1,2,0,2,0,23.89195824,115.1450882,0,0,2.321928095,1.00782976,3.517663517,0.277847821,0,3,1,1,0,4,2,3,1,2,0,0,1,1,0,0,5,4,0,1,1,0,0,1,4,0,1,1,3,0,0,0,5,0,1,0,1,1,0,0,0,1,1,1,0,0,4,2,0.0,0.0,2.065979662,0.0,0,0,4.083333333,3.5,2.5,2.0,2.5,1.0,1.0,2.0,0.5,0.105263158,1.5,2.0,0.078947368,0.105263158,0.833333333,0.0,0.333333333,0.671428571,0.0,1.0,0,0.394736842
16,236.3,7.160606061,1.137309091,0,48.48484848,6.060606061,9.090909091,8,6,1,1,0,0.0,0,5.558823529,1112,5.358960269,0.280716098,0.133898581,2.598774565,44.93612395,2.297032594,0.0,4.523146351,1.596683892,1.468090782,0.383510571,3.479980395,4.124256908,4.559545635,0.316526396,0.689870837,0.903883703,1.564413724,0.484848485,0.868827861,1.204166447,0.998298447,0.292448073,2.0,0.133518349,0.007854021,7.570955998,0.078219539,11.30272333,0.79988865,502.7500025,0.710846758,0.018135864,2.672065893,0.677881247,3.588431968,7.437728489,3.142231197,0.005622901,0.970913704,1.36592797,3.17678195,1.201785629,4.933554865,3.646810041,0.018518417,0.001089319,0.283140524,0.08674105,0.079346221,2.870506685,5.674620946,-0.042559548,-0.054610649,-0.014743237,-0.030915061,-0.136890286,0.199407053,-0.051807573,-0.040678603,-0.079001588,-0.216306298,0.276839004,-0.161104497,-0.162092045,-0.053569707,-0.069254785,0.058017946,0.013718629,0.011112053,-0.013867198,-0.118853082,0.894733218,0.919298278,1.10281993,1.019849227,0.88121891,1.071315327,1.047213706,1.039641119,0.998129619,0.949892354,0.965253534,1.003723587,1.019914062,1.205291939,1.083845154,0.979519729,0.845149367,1.312865661,0.92781825,0.94511581,1.039622682,0.063492063,0.042763158,0.037124183,0.021990741,0.018007203,0.012419872,0.011733794,0.008875,0.012345679,0.434634046,3.860824448,3.621795662,3.52718101,2.056820375,1.880114853,1.698988964,1.895234732,40.07195529,98.58772163,3.185574951,0.0,58.08270598,114.2640427,63.35610455,50.90793816,15.97486718,18.01075068,55.6358758,32.89718747,25.14492703,0.0,47.38123737,5.72010669,75.26684806,0.0,0,0,0.529411765,4.133635143,0.407775847,0.179487179,0.256410256,0.0,0.041176472,0.882352941,0.771428571,0.166666667,0.11092437,-1.0,0.139701239,0.555103337,1.402497624,1.442584309,3.751990187,1.468904641,6.11644385,4.040251135,6.159260622,-1.0,-1.852598663,2.705467947,-1.486799515,0.457635429,0.0,0.0,0.0,0.0,0.0,0.0,0.0,-0.269607366,-0.499338059,-0.950659284,1.0,2.740443891,-0.493125968,5.754759091,0,3,0,0,0,0,0,0,1,0,0,0,0,0,1,0,0,0,8,1,0,0.798252472,0.0,-1.375302448,0.936550926,0,0,0,3,1,0,0.0,0.137469923,1.858782413,-0.697453704,0.936550926,9.021121977,0.383864324,-0.697453704,-0.443194549,0.0,2.798630008,11.00088813,0.0,11.00088813,1,0,0,0,0,0,2,3,4,2,0,0,2,6,5,0,1,1,0,1,2,1,0,2,2,0,3.746748298,1.889881575,7.587019311,6.14518994,0,0,1,1,1,1,1,0,0,0,0,0,0,1,2,0,3,0,3,0,0,0,1,2,2,0,2,0,5.334737301,29.17629433,0,0,2.584962501,-1.251670971,3.469039104,0.664093492,0,1,1,0,0,2,1,2,2,0,0,0,0,0,0,0,4,3,4,1,5,0,0,0,0,0,0,0,0,0,0,0,3,0,0,0,2,2,1,0,0,1,2,0,0,0,8,7,0.0,0.0,9.344515074,0.0,0,0,2.9375,4.0,3.0,0.0,0.0,0.0,1.0,2.0,0.0,0.176470588,2.0,3.0,0.117647059,0.176470588,0.666666667,0.0,0.666666667,0.714285714,0.0,3.0,6,0.176470588
17,228.28,7.13375,1.14814375,0,50.0,6.25,12.5,3,0,1,1,0,51.03809524,0,4.783333333,869,3.471712893,0.326982668,0.157624886,2.729006047,55.65572424,1.905639062,6.555356892,3.044522438,1.64939747,1.561278124,0.436807117,3.03560613,4.077819531,4.327819531,0.329879494,0.607121226,0.865563906,1.96439387,0.672180469,0.843747463,1.175662587,0.996154288,0.285847296,1.985976495,0.35493521,0.022183451,7.76976959,0.082456582,10.55444255,0.798970663,398.8392857,0.826678573,0.021690584,2.878620411,0.762113385,3.587937855,7.366531305,3.447239536,0.011330681,0.967732918,1.381308226,3.060080077,1.166559417,4.765027259,3.470537412,0.192664515,0.012041532,0.280708336,0.202506747,0.111761743,2.742088189,4.335414616,-0.02359767,-0.12416402,-0.204232363,0.152566536,-0.113312663,0.225269628,-0.009025233,-0.224133639,0.00075321,-0.090880917,-0.19808935,0.283511993,-0.137446559,-0.159823146,-0.145728854,-0.103845678,-0.069575451,0.03928069,0.05587632,-0.015784286,0.860674025,0.767274044,1.038379374,0.984103971,1.190963227,1.087725314,1.164172204,0.828804155,1.148269505,0.890197659,1.294136088,1.373099796,1.130517713,0.608601279,1.353983356,1.093643824,0.950185697,1.474470938,0.85187016,0.837915678,0.986933267,0.101010101,0.067361111,0.046842105,0.024305556,0.018838305,0.028826531,0.0,0.0,0.0,0.568433708,3.822376248,3.643150229,3.589486954,1.976208969,1.777133485,1.702740593,1.715277232,41.09056484,128.4372986,0.0,0.0,58.74097337,69.06014771,33.03864635,36.02150137,15.38823782,36.02150137,22.719472,0.0,25.14492703,0.0,17.65040852,2.534531739,132.0166537,0.0,0,0,0.28125,2.770172814,0.586408642,0.327102804,0.420560748,0.0,0.054166667,0.941666667,0.840350877,0.1875,0.101315789,-5.5,0.148488469,0.841420584,1.487669254,1.519266383,3.848147257,1.596860288,5.831882477,4.347271715,6.353689759,-1.0,-1.759486596,2.664473103,-1.449771084,1.890991155,0.351014759,0.144385306,0.0,0.0,0.0,-0.537437405,-0.736625584,-0.976283028,-1.388399842,-1.478385937,0.688732968,3.504949723,-0.759211302,6.053655059,2,4,0,0,0,0,0,0,0,0,0,0,0,0,0,0,0,0,2,1,0,0.742662982,0.0,-1.656300548,0.0,0,0,0,2,0,0,1.714579475,0.316967593,0.0,-0.912035147,0.0,8.885283053,0.425695389,-0.195782785,-0.169840797,0.0,2.492929894,11.62101852,0.0,11.62101852,0,0,0,0,1,0,4,3,3,0,1,0,4,2,2,0,0,0,0,1,1,1,0,0,2,0,4.695472216,2.828427125,6.09951685,4.503200128,0,0,1,1,1,1,0,0,0,0,0,0,0,2,3,0,2,0,2,0,0,2,0,0,0,0,0,0,4.122285366,37.58700562,0,0,2.0,-0.793443219,3.515773416,0.611339002,0,2,0,0,0,3,2,1,1,1,0,0,0,0,0,0,4,4,1,0,2,0,0,0,1,0,0,0,1,0,0,1,5,0,0,0,0,0,0,0,0,1,0,0,0,0,5,3,0.5,0.0,1.0,0.0,0,0,2.933333333,4.5,2.0,0.5,0.0,0.0,1.0,2.0,1.0,0.15625,0.0,2.0,0.0,0.125,0.0,0.0,0.833333333,0.583333333,0.0,0.0,0,0.375
18,242.31,6.923142857,1.147308571,0,51.42857143,5.714285714,11.42857143,3,0,1,1,0,55.31031746,0,4.985294118,1017,4.346266522,0.303689966,0.151156931,2.711691232,61.87063615,2.095720114,6.555356892,3.218875825,1.611785936,1.579863401,0.418899799,2.976190262,4.114718017,4.45757516,0.31423221,0.580235142,0.869044493,2.153092755,0.671707857,0.849397243,1.165436473,0.997127118,0.281669097,1.98783732,0.154639189,0.009096423,7.790262295,0.075877635,10.96431833,0.813614942,488.5714286,0.826678573,0.018833475,2.813953605,0.762113385,3.579621903,7.398303167,3.546541092,0.003326254,0.969760329,1.369537417,3.058310661,1.171559522,4.823024433,3.49922453,0.053550594,0.003150035,0.283234562,0.036006364,0.096014367,3.083223034,5.06272031,-0.02001201,-0.228084737,-0.16322011,-0.118412998,-0.10121642,0.226216738,0.003800972,-0.164233724,0.154054418,-0.22913279,-0.249848623,0.120754528,-0.149416707,-0.163610288,-0.07341028,-0.00880397,-0.043712928,-0.00080733,0.04262282,0.041548107,0.888077958,0.803121183,1.059079317,0.891991108,0.999890186,1.252824134,1.16676176,1.087334858,1.1757267,0.871237583,1.212491305,1.015486772,1.396758781,0.812703621,1.366917514,1.010123735,0.898109032,1.474707053,0.865575577,0.976205155,0.877679595,0.086956522,0.061111111,0.0565,0.019444444,0.020030234,0.019823554,0.015983245,0.0,0.0,0.573966758,3.821837763,3.649216952,3.616269488,2.00940131,1.806703103,1.709518073,1.733073957,43.62509658,128.4372986,0.0,0.0,61.27550511,71.59467945,35.57317808,36.02150137,17.92276956,36.02150137,25.25400374,0.0,25.14492703,0.0,17.65040852,5.069063478,155.5588577,0.0,0,0,0.264705882,2.775729998,0.603245394,0.305676856,0.3930131,0.0,0.050980393,0.92745098,0.833333333,0.171428571,0.094117647,-6.0,0.139753853,0.791925256,1.473100338,1.504387161,3.836980864,1.589458824,5.837730447,4.347271715,6.353689759,-1.0,-1.758391914,2.661229603,-1.393300428,1.890991155,0.351014759,0.144385306,0.0,0.0,0.0,0.0,-0.537437405,-0.736625584,-0.976283028,-1.388399842,0.894008156,3.50476186,-0.758085657,6.880278153,2,5,0,0,0,0,0,0,0,0,0,0,0,0,0,0,0,0,2,1,0,1.125425957,0.0,-1.623927732,0.0,0,0,0,3,0,0,1.888334173,0.31944972,0.0,-0.888886999,0.0,8.963755275,0.429250283,0.175527027,-0.165847611,0.0,2.507326625,11.69806311,0.0,11.69806311,0,0,0,0,1,0,3,4,2,0,1,0,4,5,4,0,0,0,0,1,1,1,0,0,3,0,4.695472216,2.828427125,7.060517037,5.551607587,0,0,1,1,1,1,0,0,0,0,0,0,0,2,3,0,2,0,1,0,0,2,2,0,0,0,0,0,4.122087955,37.58612061,0,0,2.0,-1.025211421,3.509361967,0.634991628,1,1,0,0,0,3,2,1,1,1,0,0,0,0,0,0,3,6,3,1,3,0,0,0,1,0,0,0,1,0,0,1,7,0,0,0,0,0,0,0,0,1,0,0,0,0,6,4,0.5,0.0,0.965489385,0.0,0,0,3.09375,4.0,2.0,1.5,0.0,0.0,1.0,2.0,1.0,0.147058824,1.0,1.0,0.058823529,0.058823529,0.333333333,0.0,0.833333333,0.606060606,0.0,0.5,0,0.294117647
19,252.3,7.420588235,1.139429412,0,47.05882353,5.882352941,11.76470588,8,6,1,1,0,0.0,0,6.039215686,1438,5.548479313,0.293924594,0.133307906,2.767421685,54.10810344,2.366632475,0.0,4.541298109,1.64571137,1.546631615,0.337880377,3.663746019,4.322756959,4.616874606,0.323483713,0.720151898,0.907500408,1.423716822,0.470588235,0.873514335,1.198976214,0.997521527,0.293002071,2.0,0.211324865,0.01174027,7.630001109,0.07231569,11.71514182,0.812731243,634.1071462,0.826678573,0.015042961,2.486190241,0.762113385,3.638845986,7.513230269,2.974246952,0.001252226,0.972384824,1.372378894,3.149544064,1.184297323,4.971632103,3.335007695,0.083729528,0.00465164,0.280335774,0.030074748,0.137441052,2.912409009,5.134132256,-0.062277092,0.076907042,0.028919495,-0.240158969,-0.178246526,0.155282189,-0.10990843,-0.085526547,0.203782356,-0.083714131,-0.098821394,-0.263907779,-0.157286936,-0.100317971,0.080097066,-0.080689122,-0.03412971,-0.098506492,0.032905305,0.052232562,0.887916094,0.856085438,1.096489085,1.092296897,0.93564552,0.894743362,0.961605014,1.206532901,0.96325703,1.000024121,1.03644168,0.735281268,1.132487802,1.295704642,1.059263205,0.890789951,1.059838886,1.346964047,1.040880567,0.882846206,0.863290079,0.086956522,0.041666667,0.038954248,0.020833333,0.023485086,0.011752137,0.01493392,0.012125,0.006486219,0.507193132,3.864192676,3.681566365,3.560418072,2.039394106,1.903195713,1.669530808,1.887566925,58.08270598,141.2710648,3.185574951,0.0,58.08270598,104.7877952,53.87985707,50.90793816,15.97486718,18.01075068,46.15962832,32.89718747,0.0,0.0,18.95249495,24.67260164,72.73231632,0.0,0,0,0.527777778,4.340623525,0.513928997,0.213114754,0.307377049,0.0,0.048148148,0.914814815,0.78115942,0.192156863,0.133655395,-1.25,0.130051238,0.506347838,1.400142048,1.45197963,3.75215044,1.49741178,6.27146091,4.045061339,6.120719543,-1.0,-1.548470539,2.708717615,-1.380170019,0.262727059,0.0,0.0,0.0,0.0,0.0,0.0,0.0,0.0,0.0,-0.753776482,1.0,2.813726214,-0.391240804,11.2426422,0,3,0,0,0,0,0,0,0,1,0,0,0,0,1,0,1,0,7,2,0,0.577164446,0.0,-1.57651581,1.1446037,0,0,0,3,2,0,0.0,-0.383886196,1.562816074,-1.025631666,0.186357395,8.478522139,0.589098639,-1.025631666,-0.475760792,0.0,2.561115599,11.38339748,0.0,11.38339748,1,1,0,0,0,0,4,3,1,3,0,0,3,2,2,0,1,2,0,0,0,1,2,0,2,0,7.326583883,2.828427125,8.456439457,5.773667851,0,0,1,1,1,1,1,0,1,1,0,0,0,1,1,0,3,0,2,0,0,0,2,1,2,0,1,0,3.080122709,46.49633408,0,0,2.584962501,-0.62887606,3.56252618,0.574377555,1,0,1,0,0,3,0,2,1,0,1,0,1,0,0,0,5,6,2,3,2,0,0,0,0,0,0,1,0,1,0,0,4,0,0,1,2,1,0,0,1,0,0,2,0,0,7,5,0.0,0.0,6.962623884,0.0,0,0,4.117647059,3.0,1.0,2.0,2.0,1.0,1.0,2.0,2.0,0.055555556,1.0,2.0,0.055555556,0.111111111,1.0,0.0,0.0,0.75,0.0,1.0,6,0.277777778
20,244.38,5.960487805,1.15102439,0,58.53658537,4.87804878,7.317073171,2,0,0,0,0,0.0,0,4.088235294,556,5.917253033,0.315339332,0.134399157,2.67740599,105.7475285,2.043057694,0.0,1.098612289,1.459660845,1.483659164,0.749733735,2.743077629,3.850858407,4.552197126,0.272449216,0.512002054,0.84967857,2.614474376,0.805354878,0.844200511,1.131590536,0.995276179,0.295180999,2.0,0.137627564,0.008095739,7.630259458,0.0625,16.0,0.941176471,510.1785714,0.710846758,0.018463868,4.846281568,0.677881247,3.541768783,7.260696069,3.654004745,0.006938801,0.910501834,1.318149465,2.947667891,1.158082141,4.786619732,3.494517001,0.03537457,0.002080857,0.292132386,0.103301054,0.05169024,3.708219337,6.702359126,-0.051941935,-0.202808022,-0.179749366,-0.250836712,-0.101113318,0.235913349,0.119795074,-0.113121704,0.027096253,-0.219886557,-0.195233172,-0.191028302,-0.08189026,-0.147796464,-0.091895269,-0.079095966,-0.113102825,-0.070761199,0.071595338,0.100946571,1.100347867,0.872021669,1.001972579,0.978058366,1.01400196,1.302279764,1.189591317,1.210655354,1.338264615,0.736586851,1.16292298,1.27832387,1.374645449,1.193351252,1.468862476,1.098653908,1.009391787,1.427509515,1.026764688,0.862996848,0.827093866,0.116402116,0.0625,0.045714286,0.025,0.021768707,0.015625,0.007054674,0.0,0.0,0.606564783,3.773221334,3.599670206,3.607468144,2.022887836,1.91305946,1.695635244,1.759476135,55.97700163,98.58772163,0.0,0.0,91.27781868,96.89234309,45.98440493,50.90793816,10.68358789,18.01075068,40.36988053,32.89718747,25.14492703,0.0,37.83534879,2.534531739,211.8798359,0.0,0,0,0.176470588,2.039013988,0.624199882,0.435897436,0.384615385,0.0,0.041176472,0.882352941,0.771428571,0.113161528,0.11092437,-6.5,0.148488204,0.589398421,1.416292149,1.448405154,3.81888572,1.540198674,5.659482216,4.091818302,6.199749888,-1.0,-1.811861876,2.155109882,-1.411782644,0.323147962,0.06394662,0.0,0.0,0.0,0.0,0.0,0.0,-0.666335884,-0.972584903,-1.462070824,0.677758781,2.491171842,-0.700963638,6.690176991,4,4,0,0,0,0,0,0,0,0,0,0,0,0,0,0,0,0,2,1,0,1.199210916,0.0,-1.392776361,0.0,0,0,0,2,0,0,1.877446618,0.411011196,0.0,-0.849438776,0.0,8.993064453,0.78819972,0.204836205,-0.382037037,0.0,2.499305556,11.74028534,0.0,11.74028534,0,0,0,0,0,0,5,6,2,1,0,0,3,6,4,2,1,2,0,1,1,2,0,0,5,2,3.746748298,1.889881575,5.683842363,6.813038471,0,0,1,1,1,1,1,0,0,0,0,0,0,1,3,0,3,0,1,0,0,2,2,0,0,0,0,0,3.079949617,26.28845787,0,0,1.584962501,-1.670831771,3.5796206,0.656717489,2,0,1,0,0,2,1,2,0,1,0,0,1,0,0,0,2,9,3,2,4,0,0,0,0,0,1,0,0,0,0,1,7,0,2,1,2,1,0,0,0,0,1,1,0,0,8,6,1.069913194,0.0,0.166666667,0.0,0,0,3.333333333,3.666666667,1.666666667,2.0,0.666666667,0.0,0.666666667,1.666666667,1.0,0.098039216,1.0,0.0,0.058823529,0.0,0.555555556,0.0,0.222222222,0.583527584,0.0,0.666666667,0,0.235294118
21,244.38,5.960487805,1.15102439,0,58.53658537,4.87804878,7.317073171,2,0,0,0,0,0.0,0,4.088235294,556,5.917253033,0.313882023,0.143443013,2.67643802,105.748112,2.043057694,0.0,1.098612289,1.459660845,1.483659164,0.75063329,2.743077629,3.850858407,4.552197126,0.272449216,0.512002054,0.84967857,2.614474376,0.805354878,0.844200511,1.126391654,0.995013057,0.292735123,2.0,0.344734345,0.020278491,7.641883128,0.0625,16.0,0.941176471,510.1785714,0.710846758,0.018481851,4.851183786,0.677881247,3.547712126,7.260699618,3.632857577,0.010557026,0.910429661,1.32056574,2.947667891,1.15903704,4.786619732,3.471935628,0.160289938,0.00942882,0.292100741,0.195227334,0.05169024,3.708219337,6.769270338,-0.051941935,-0.209819114,-0.272749328,0.062659283,-0.101113318,0.235913349,0.119795074,-0.10315422,2.8e-05,-0.239561596,-0.233558011,0.04866433,-0.08189026,-0.147796464,-0.045419636,-0.065633478,-0.113102825,-0.019070659,-0.045603579,0.109595908,1.100347867,0.872021669,1.001972579,0.945144389,1.092499205,1.30581019,1.267825976,0.806135205,1.338264615,0.736586851,1.153198606,1.402233712,1.310110898,0.553539273,1.468862476,1.034988312,1.040390612,1.427509515,0.976334893,0.991555918,0.782872395,0.116402116,0.0625,0.047272727,0.025,0.014577259,0.025,0.005486968,0.0,0.0,0.608739072,3.775167176,3.597900923,3.607389487,2.022733066,1.913064148,1.691509608,1.760106071,55.97700163,98.58772163,0.0,0.0,91.27781868,96.89234309,45.98440493,50.90793816,10.68358789,18.01075068,40.36988053,32.89718747,25.14492703,0.0,37.83534879,2.534531739,211.8798359,0.0,0,0,0.176470588,2.039013988,0.624199882,0.435897436,0.384615385,0.0,0.041176472,0.882352941,0.771428571,0.113161528,0.11092437,-6.5,0.148488204,0.589398421,1.421039913,1.459069159,3.82808776,1.546605613,5.659482216,4.091818302,6.199749888,-1.0,-1.788082455,2.161990293,-1.435414551,0.323147962,0.06394662,0.0,0.0,0.0,0.0,0.0,0.0,-0.666335884,-0.972584903,-1.462070824,0.641063503,2.504836387,-0.738204792,6.825351242,4,4,0,0,0,0,0,0,0,0,0,0,0,0,0,0,0,0,2,1,0,1.245380606,0.0,-1.392734316,0.0,0,0,0,2,0,0,1.798647014,0.554244378,0.0,-0.855821995,0.0,9.031788864,0.691136228,0.30798766,-0.382962963,0.0,2.508796296,11.71430933,0.0,11.71430933,0,0,0,0,0,0,5,6,3,2,0,0,3,6,3,1,2,1,0,1,1,1,0,0,5,2,3.746748298,1.889881575,5.577327385,6.813038471,0,0,1,1,1,1,1,0,0,0,0,0,0,1,3,0,4,0,2,0,0,2,1,0,0,0,0,0,3.080122709,26.28845787,0,0,1.584962501,-1.670831771,3.579456095,0.656717489,2,0,1,0,0,2,1,2,0,1,0,0,1,0,0,0,3,7,5,4,3,0,0,0,0,0,1,0,0,0,0,0,6,0,1,2,1,0,0,0,0,2,0,0,0,0,8,6,1.069913194,0.0,0.166666667,0.0,0,0,3.229166667,3.666666667,2.0,1.333333333,0.666666667,0.0,0.666666667,1.666666667,1.0,0.098039216,1.0,0.0,0.058823529,0.0,0.555555556,0.0,0.222222222,0.583527584,0.0,0.666666667,0,0.235294118
22,471.47,7.729016393,1.151519672,0,47.54098361,1.639344262,22.95081967,2,0,2,1,0,0.0,0,8.058467742,9800,5.683389551,0.36413917,0.182929954,4.112201909,174.4456291,1.468139062,0.0,4.934473933,1.608257238,1.697169235,0.334952545,3.20951053,4.580499174,5.688853936,0.271173236,0.541165516,0.970271887,2.721226808,0.241883402,0.948142323,1.216737723,0.994764693,0.296566556,2.0,0.114343648,0.003573239,9.088164479,0.047687093,17.31041466,0.681492533,2280.964286,1.53532994,0.007694224,2.694297094,1.294343532,3.704529723,7.970492707,4.678385239,0.000700094,1.012732713,1.381643974,2.967839192,1.081375186,5.34043407,4.602595932,0.000572355,1.79e-05,0.280115623,0.031807497,0.66714684,5.231721656,11.58861496,-0.066359248,-0.067049231,-0.017590642,-0.051162732,-0.261535522,-0.086758293,0.066622668,-0.082832887,0.041104254,-0.022005725,0.006585438,0.00388339,-0.175329371,0.029133821,-0.063520265,-0.033874753,0.056923556,0.002204137,-0.03343866,-0.030603804,0.881436736,0.900400934,0.969147809,1.011678476,0.928269152,1.048690536,1.015557321,1.065352495,1.08527615,0.955493615,1.062668144,0.93699683,1.003856336,1.013481868,1.409789668,1.014320159,0.925474101,1.587768166,1.071377455,1.100250034,1.048871435,0.113378685,0.061440678,0.059851852,0.033038721,0.022908973,0.01729798,0.011553828,0.012041667,0.007745808,0.627136979,3.895325382,3.743102101,3.636374754,1.981137973,1.971098972,1.792516352,1.817652149,20.54528242,131.5873853,0.0,11.771102,29.37048668,34.98501109,16.97426041,18.01075068,8.149056147,18.01075068,11.359736,0.0,25.14492703,0.0,0.0,0.0,70.21524598,0.0,0,0,0.09375,5.307623676,1.208047159,0.307125307,0.442260442,0.036855037,0.076041669,1.047916667,0.86984127,0.256179514,0.178075397,-18.25,0.07906405,0.473772183,1.42877804,1.510383402,4.293210808,1.587770671,6.484635236,4.465409644,6.758470417,0.880007995,0.074042038,3.06209816,0.575151729,1.404375666,1.216223664,0.53150923,0.148973859,0.0,0.0,0.0,0.0,0.0,0.0,0.0,2.076289129,3.521706179,0.978233451,11.48843817,3,11,0,0,0,0,0,0,0,0,0,0,0,0,2,0,0,0,13,1,0,-2.696420703,0.0,-2.573417927,0.0,0,0,0,3,0,0,1.068796776,-0.979557249,0.0,-2.019035494,0.0,9.130706992,-0.830359769,-1.444359568,-0.693272896,-2.862201909,2.255609265,12.12955633,5.382955641,12.12955633,4,5,5,0,12,2,2,0,3,2,3,0,2,6,4,0,0,0,0,1,0,0,0,0,0,0,9.681168395,5.667593048,8.067873167,1.0,0,0,1,1,1,1,1,0,1,1,0,0,0,1,2,0,2,0,1,0,0,3,2,0,2,0,1,7,0.0,76.03334808,0,0,1.584962501,1.541142119,4.793330182,0.087193588,6,5,5,6,1,6,12,14,18,10,0,2,3,0,0,2,3,4,0,1,3,0,0,8,3,1,0,0,0,0,0,3,5,0,0,0,0,0,0,0,0,0,1,0,0,0,2,0,0.0,0.166666667,0.421716333,6.915774367,0,0,4.618768328,4.090909091,4.545454545,3.545454545,2.818181818,1.545454545,1.181818182,1.909090909,1.818181818,0.079545455,1.5,3.090909091,0.046875,0.096590909,0.765381084,0.060606061,0.379476584,0.415815998,0.545454545,1.636363636,0,0.416193182
23,294.39,6.84627907,1.139213953,0,51.1627907,4.651162791,9.302325581,8,6,1,1,0,0.0,0,5.923809524,1887,5.364211243,0.330179997,0.150406141,2.727283866,83.42935465,2.315504491,0.0,4.629252857,1.549268137,1.584962501,0.378515871,3.592297224,4.553944406,4.879525801,0.285512817,0.662020264,0.899242116,1.833967531,0.546738954,0.873689985,1.214423514,0.996199392,0.302697731,2.0,0.105259998,0.005012381,8.021265622,0.059459132,13.11073866,0.841283207,893.1428612,0.826678573,0.012609704,2.833325199,0.762113385,3.657192782,7.629231553,3.256751158,1.6e-05,0.975888777,1.352937982,3.152371102,1.188231655,5.122861713,4.025657217,0.021500697,0.001023843,0.28024583,0.008420728,0.09666583,3.94991492,7.906803234,-0.044897,-0.192459715,-0.200027669,0.228937488,-0.138803533,0.179750743,0.051245253,-0.150576137,0.033861915,-0.20915686,-0.209072944,0.209475249,-0.092265067,-0.105138029,0.031826051,0.127276291,-0.055779287,-0.054748351,-0.067425955,-0.06442721,0.950535796,0.836193796,0.994564276,1.057369493,0.925838742,1.237488614,1.210813864,0.706468724,1.064339963,0.810145051,1.137089122,1.081927763,1.341295021,0.495996926,1.149947838,0.873718995,0.831634679,1.34144843,1.0400857,0.992293916,1.016968062,0.103174603,0.047413793,0.053162393,0.02590812,0.015471331,0.020073785,0.010534769,0.008557692,0.01547036,0.561671609,3.87890551,3.729420187,3.673165955,2.040425426,1.956534889,1.765936972,1.892678135,55.97700163,141.2710648,3.185574951,0.0,73.62741016,120.3324994,69.42456125,50.90793816,13.86916284,18.01075068,63.81003685,32.89718747,25.14492703,0.0,39.13743521,24.67260164,129.482122,0.0,0,0,0.452380952,4.261700229,0.65455699,0.283737024,0.363321799,0.0,0.041269843,0.884126984,0.771794872,0.151937984,0.112332112,-2.75,0.11313387,0.449065463,1.417796023,1.465057797,3.829530129,1.513076761,6.395678873,4.091818302,6.199749888,-0.666183903,-1.302237709,2.95118496,-0.916111453,0.323147962,0.06394662,0.0,0.0,0.0,0.0,0.0,0.0,0.0,0.0,0.0,1.198888965,2.816784056,-0.017039736,10.29090151,2,4,0,0,0,0,0,0,0,1,0,0,0,0,0,0,1,0,6,2,0,0.920044862,0.0,-1.550640347,0.935509048,0,0,0,2,2,0,1.768415724,0.276744378,1.513063744,-0.936696481,0.138411831,9.142393203,0.643300484,-0.173775564,-0.490023148,0.0,2.485682083,12.00073665,0.0,12.00073665,0,0,0,0,2,0,7,7,5,2,0,0,5,7,5,1,2,1,0,1,1,1,0,0,5,6,6.585507054,2.828427125,9.246272289,7.877470661,0,0,1,1,1,1,1,0,0,1,0,0,0,1,3,0,6,0,5,0,0,2,2,1,0,0,0,0,3.080122709,42.61917114,0,0,2.584962501,-2.075346183,3.820532976,0.612143884,1,1,0,1,1,2,1,3,1,1,0,0,1,0,0,0,6,9,6,3,3,0,0,0,1,1,1,0,0,0,0,0,9,0,2,3,1,0,0,0,0,2,0,2,0,0,10,8,0.333333333,0.0,4.667272694,0.0,0,0,4.0,3.666666667,2.666666667,1.666666667,1.333333333,0.666666667,0.666666667,1.666666667,1.0,0.079365079,1.0,0.333333333,0.047619048,0.015873016,0.555555556,0.0,0.222222222,0.608665844,0.0,0.666666667,4,0.238095238
24,263.23,8.491290323,1.150474194,0,41.93548387,3.225806452,25.80645161,4,0,0,0,0,0.0,0,4.117647059,630,7.469802082,0.260789664,0.140610792,3.126157407,135.7149067,2.016875696,0.0,0.0,1.707904654,1.530493057,0.788108802,2.93712131,3.66387373,4.244518891,0.344738994,0.592855254,0.856752261,2.017075,0.709677419,0.834309561,1.078229201,0.99712708,0.269007156,2.0,0.66888288,0.03716016,7.707327175,0.058823529,17.0,0.944444444,545.0714286,1.145132304,0.018232346,5.381744696,0.959350221,3.553863607,7.537673967,3.795926066,0.025380947,0.915341018,1.421432142,2.913706017,1.103565723,4.811564085,3.889933398,0.675969194,0.037553844,0.28191652,0.506815153,0.382635101,2.384072403,5.201514006,-0.092104681,0.427959828,-0.717769669,0.995129264,-0.242744961,0.22776115,-0.130875794,-0.059411061,-0.35864675,0.614085931,-0.876534449,1.242422476,-0.195111585,0.08437376,0.078287265,0.18127451,0.209759147,-0.077251302,-0.145130254,-0.030458468,0.805415113,0.734018081,1.171823928,0.827798544,1.1613901,0.655749445,1.846238848,0.229079075,1.073003592,0.961252016,0.785042087,1.37731891,2.212132587,0.010654701,1.406998197,0.572933678,0.429914131,1.562787637,1.186590189,1.065555602,0.782432151,0.080808081,0.06547619,0.0384,0.047008547,0.006279435,0.03125,0.0,0.0,0.0,0.592751665,3.768657738,3.503071543,3.358653869,1.93458853,1.755958411,1.577594218,1.713668476,9.280472162,274.9525787,3.124313894,0.0,12.40478606,16.04428395,12.91997005,3.124313894,12.91997005,0.0,5.069063478,0.0,75.4347811,0.0,0.0,2.534531739,49.61893973,0.0,0,0,0.333333333,4.061083459,0.679041437,0.352422907,0.383259912,0.0,0.07962963,1.062962963,0.924242424,0.314439324,0.138720539,-5.25,0.140637004,1.215461201,1.3953002,1.459489532,3.827486405,1.521543624,5.855071922,5.054886974,7.351026607,-1.0,-1.8293029,2.680348906,-1.377202854,2.369129581,2.340922281,0.861409701,0.0,0.0,-0.145817289,-0.851438021,-1.002885472,-1.002885472,-1.583815897,-1.600800743,0.978329503,3.589545483,-0.335917732,5.77346853,0,3,0,0,0,0,0,0,0,0,0,0,0,0,2,0,0,0,5,4,0,-2.440770975,0.0,-5.484953704,0.0,0,0,0,4,0,1,0.0,-0.788803855,0.0,-1.464537037,0.0,8.445610985,-0.369814815,-1.464537037,-1.243657407,0.0,0.0,10.89599301,0.0,10.89599301,0,0,0,0,6,4,2,1,2,0,8,0,5,4,4,0,0,0,2,2,2,0,0,0,0,0,3.887221284,3.801934512,4.792520351,1.0,0,0,1,1,1,0,0,0,0,0,0,0,0,0,6,0,0,0,0,0,0,0,0,0,0,0,0,0,0.0,33.72924805,0,0,2.321928095,-0.091989054,3.375842933,0.29720083,0,0,3,0,0,5,3,5,0,5,0,4,4,0,0,1,2,2,1,0,1,0,0,1,1,0,0,0,2,0,0,1,5,0,0,0,0,0,0,0,1,1,1,0,0,0,2,1,0.0,0.0,2.334815149,0.0,0,0,2.705882353,5.0,6.0,0.0,0.0,0.0,1.0,2.0,0.0,0.166666667,2.0,2.0,0.111111111,0.111111111,0.666666667,0.0,0.666666667,0.444444444,0.0,2.0,0,0.388888889
25,262.25,8.1953125,1.1548,0,43.75,6.25,21.875,4,0,0,0,0,0.0,0,4.274509804,654,7.469802082,0.273791654,0.124837365,3.10150463,133.0399189,2.05881389,0.0,2.302585093,1.766131926,1.530493057,0.742764707,3.280639062,4.054229297,4.6875,0.353226385,0.656127812,0.95,1.719360938,0.3125,0.913870415,1.106957668,0.997390861,0.277501157,2.0,0.20092309,0.011162394,7.644797885,0.058823529,17.0,0.944444444,575.3571429,1.110446746,0.017139808,5.049596397,0.979115285,3.540256882,7.524526187,3.832021169,0.004500694,0.915547181,1.411149136,2.923178239,1.106538585,4.82685593,3.886661736,0.252869221,0.01404829,0.281910111,0.130884541,0.326082363,2.413390299,4.501873557,-0.104187445,-0.001323051,-0.066232953,-0.039206918,-0.247519072,0.258573914,-0.152513888,-0.21839986,0.018613667,0.129396505,-0.144047809,0.018670167,-0.286588188,-0.031222274,-0.035702189,0.059564613,0.024797125,0.050753963,-0.056089291,-0.071689291,0.843064688,0.734321825,1.112982346,1.049965154,0.862607266,1.034140444,1.126524564,1.161359136,1.014854328,1.000945731,1.099285204,0.933037331,1.259592596,1.233196476,1.27807339,0.837581614,0.608605451,1.693328853,0.945803721,1.034105301,0.902166462,0.090909091,0.053571429,0.050909091,0.031111111,0.017492711,0.014423077,0.012345679,0.0,0.0,0.594291601,3.763080368,3.568826956,3.466192131,1.935036013,1.814799571,1.598973052,1.714599198,40.50078269,236.064011,0.0,0.0,58.51153337,65.94580673,15.03786857,50.90793816,15.03786857,18.01075068,7.603595218,32.89718747,50.28985406,0.0,0.0,2.534531739,73.16114372,0.0,0,0,0.333333333,3.874524124,0.679041437,0.358078603,0.3930131,0.0,0.075925924,1.042592593,0.856944444,0.289136905,0.185648148,-5.0,0.14004143,1.115132307,1.432912038,1.481126265,3.811919034,1.556372438,5.866468057,4.889412875,7.114988948,-1.0,-1.803143745,2.686185504,-1.370789002,2.340922281,1.885821873,0.502046567,0.0,0.0,-0.145817289,-0.757106384,-0.878215492,-1.002885472,-1.386483814,-1.583815897,0.979890198,3.590604306,-0.365064317,4.484379712,0,5,0,0,0,0,0,0,1,0,0,0,0,0,0,0,0,0,2,3,0,-1.313223734,0.0,-4.940328693,0.0,0,0,0,3,0,0,0.0,-0.577197657,0.0,-1.460745465,0.0,8.42173451,-0.298404195,-1.373564815,-0.905302448,0.0,2.176435185,10.79134968,0.0,10.79134968,1,2,1,0,3,2,4,1,2,0,4,0,6,4,3,0,1,1,1,3,1,1,0,1,0,0,7.357520645,4.377014564,5.650179061,3.0,0,0,1,1,1,1,0,0,1,0,0,0,0,1,4,0,1,0,2,0,0,0,1,2,1,0,0,0,5.334774017,70.73358154,0,0,2.321928095,0.384330422,3.55526762,0.271143202,0,4,3,0,0,4,2,6,4,5,0,2,3,0,0,0,5,3,3,0,1,0,0,4,0,0,0,0,0,0,0,0,5,0,1,1,0,0,0,0,1,0,1,0,0,0,3,1,0.0,0.0,1.10520945,0.0,0,0,3.0,4.0,4.0,1.0,0.0,0.0,1.0,2.0,1.0,0.166666667,2.0,2.0,0.111111111,0.111111111,0.666666667,0.0,0.666666667,0.577777778,0.0,1.5,0,0.388888889
26,275.3,7.647222222,1.157158333,0,47.22222222,8.333333333,16.66666667,4,0,0,0,0,0.0,0,4.748538012,812,8.260320754,0.277651807,0.111877794,3.01694329,148.6459736,2.31345975,0.0,2.833213344,1.754069119,1.557431962,0.674509359,3.313566073,4.281036113,4.836591668,0.339283281,0.640931169,0.935524532,1.856358928,0.333333333,0.915084882,1.134917302,0.997321068,0.288129833,2.0,0.097631073,0.005138478,7.636495613,0.055555556,18.0,0.947368421,729.0714286,1.074514737,0.014228234,4.705135442,0.998497251,3.53648019,7.540557193,3.828112602,0.001844241,0.920221112,1.391313664,2.937984648,1.118381326,4.887284831,3.754408948,0.095357234,0.005018802,0.284378534,0.066157895,0.25730308,2.709318734,4.490680983,-0.090136429,0.016258946,-0.108054101,0.164216391,-0.216945757,0.248375265,-0.119900933,-0.294844336,0.052110956,0.268221615,-0.112618381,-0.004576353,-0.274205676,-0.064920669,0.048563718,-0.038125068,-0.016264738,-0.011750341,-0.052962842,0.069956308,0.884171074,0.772653753,1.072314507,1.128662279,0.859370035,0.98036289,1.114809184,0.826352186,1.059381564,0.997078319,1.234433293,0.938463209,1.130556148,0.917507596,1.278675298,0.845963846,0.969819792,1.650509347,0.971736189,1.010108575,0.895440785,0.106280193,0.045454545,0.04952381,0.032407407,0.011661808,0.016826923,0.014403292,0.004444444,0.016528926,0.603086904,3.761496102,3.599373003,3.532583967,1.943939682,1.869827736,1.670365358,1.714649586,93.94325258,197.1754433,0.0,0.0,93.94325258,105.1723014,21.36717577,83.80512563,21.36717577,18.01075068,10.13812696,65.79437494,25.14492703,0.0,0.0,5.069063478,99.23787945,0.0,0,0,0.315789474,3.816986619,0.679041437,0.341463415,0.365853659,0.0,0.068421051,1.005263158,0.815384615,0.243408663,0.189878543,-5.5,0.131989515,0.993547947,1.426215826,1.463441901,3.81130806,1.550106317,5.894402834,4.72653883,6.832673918,-1.0,-1.433253237,2.693336069,-1.372066806,1.952281513,1.885821873,0.323147962,0.06394662,0.0,0.0,-0.499338059,-0.666335884,-0.757106384,-0.972584903,-1.386483814,1.107617724,3.589426593,-0.256620358,9.146506164,0,6,0,0,0,0,0,0,0,0,0,0,0,0,0,0,0,0,2,2,0,-0.749401035,0.0,-3.9044651,0.0,0,0,0,4,0,0,0.0,-0.395068762,0.0,-1.330344388,0.0,8.451054389,-0.007503701,-1.070205499,-0.621377981,0.0,2.116393613,11.51610969,0.0,11.51610969,0,2,1,0,2,1,6,2,2,2,0,0,6,1,2,2,1,0,0,2,1,1,0,0,1,0,7.120937767,4.762203156,7.181876964,3.77976315,0,0,1,1,1,1,1,0,1,0,0,0,0,2,3,0,4,0,1,0,1,4,2,0,2,0,1,0,16.63469887,125.2527466,0,0,2.321928095,0.495426427,3.499213339,0.277847821,1,2,1,1,1,4,1,3,2,4,0,1,3,0,0,0,5,4,2,0,1,0,0,1,2,0,2,0,2,0,0,0,5,0,1,1,1,0,0,0,1,0,1,1,0,0,4,2,0.0,0.0,1.8256723,0.0,0,0,3.527777778,3.5,4.0,1.0,2.0,0.0,1.0,2.0,0.5,0.105263158,1.5,2.0,0.078947368,0.105263158,0.833333333,0.0,0.333333333,0.641666667,0.0,2.0,0,0.394736842
27,313.38,7.461428571,1.120778571,0,45.23809524,2.380952381,9.523809524,14,6,2,1,0,0.0,0,6.877470356,3340,5.420422315,0.309105047,0.155473636,2.728551167,60.88979512,0.941953639,0.0,5.497168225,1.493049023,1.409844941,0.283845073,3.107833211,3.470197043,3.963745994,0.276884483,0.576344634,0.735072824,2.284484212,1.428571429,0.698774467,1.255891462,0.998439058,0.295625181,2.0,0.056729543,0.002466502,8.167305218,0.060400235,11.59684505,0.758587633,1064.928579,0.762140052,0.011401081,2.230395439,0.651074404,3.624706978,7.799145559,4.416988792,0.005033882,1.020522406,1.369670024,3.337031832,1.23855081,5.319031681,4.654614109,0.135251823,0.005880514,0.275895561,0.101028315,0.076972392,4.037233301,8.933266897,-0.022560869,-0.030660542,-0.072652652,-0.066329863,-0.105703517,0.227182291,0.082846472,-0.133204483,-0.028965393,0.070592557,-0.184081029,-0.175602901,-0.165072889,-0.095663268,-0.041533579,0.020111363,-0.00318241,-0.066978093,-0.122042635,0.055102874,0.835916817,0.920283227,1.050888128,1.056588868,0.816181865,1.108575089,1.091934142,1.090560422,0.92066119,0.727834154,1.108013135,1.041676162,1.417958842,1.346650424,0.980626777,1.002531853,0.945881704,1.287756228,1.032900561,1.107519021,0.897603195,0.05734767,0.0375,0.042222222,0.024918301,0.016079159,0.014155983,0.008641975,0.005089286,0.002040608,0.395495204,3.891905003,3.823777613,3.843577734,2.067002437,1.991891314,1.821850632,1.906165888,5.069063478,137.4762893,6.371149901,0.0,23.07981416,126.0331877,108.0224371,18.01075068,13.25996233,18.01075068,106.2026881,0.0,50.28985406,0.0,94.76247473,11.44021338,47.08440799,0.0,0,0,0.652173913,6.066529202,0.527449352,0.124223602,0.279503106,0.0,0.033333335,0.850724638,0.787179487,0.164273869,0.063545151,1.5,0.099196013,0.437656705,1.430452859,1.478284276,3.802852447,1.48400584,6.627379782,4.379774693,6.678628641,0.0,-1.0,3.074931058,-0.451334485,0.502046567,0.0,0.0,0.0,0.0,0.0,0.0,0.0,0.0,0.0,0.0,1.482519637,2.760873435,0.0,7.226627034,0,4,0,0,0,0,0,0,1,0,0,0,0,0,0,0,0,0,12,2,0,0.461791698,0.0,-2.123769001,1.68749979,0,0,0,2,2,0,0.0,0.230895849,1.823997543,-0.956284958,0.843749895,9.375891282,0.230895849,-0.956284958,-1.061884501,0.0,2.750871126,11.4589429,0.0,11.4589429,0,0,0,0,0,0,4,6,8,4,0,0,4,12,12,0,0,0,0,2,6,6,0,3,8,10,2.888845517,2.0,6.257530052,9.893063112,0,0,1,1,1,1,1,0,0,1,0,0,0,0,4,0,4,0,2,0,0,0,0,0,0,0,0,0,0.0,14.30910873,0,0,3.169925001,-3.069594801,3.871477406,0.731761364,1,1,0,0,0,2,2,2,0,1,0,0,1,0,0,1,4,10,5,6,7,0,0,1,0,0,0,0,0,0,0,2,12,0,0,0,0,0,0,0,0,4,2,2,0,0,14,14,0.0,0.0,15.23317084,0.0,0,0,3.5,4.0,5.0,2.0,1.0,0.0,1.0,2.0,0.0,0.130434783,2.0,0.0,0.086956522,0.0,0.666666667,0.0,0.666666667,0.583333333,0.0,1.0,6,0.130434783
28,207.25,7.401785714,1.129203571,0,46.42857143,3.571428571,10.71428571,8,6,1,1,0,0.0,0,4.99047619,782,3.275616655,0.322399627,0.160102685,2.658839758,34.70247087,1.937927064,0.0,4.576642102,1.560413792,1.530124965,0.445742795,3.213455262,3.910232941,4.280394654,0.324588847,0.668445603,0.890384572,1.59389966,0.526960268,0.848544851,1.237833257,0.996472144,0.309194291,2.0,0.106949482,0.007129965,7.574653051,0.093800637,10.55257165,0.765148615,311.8928593,0.638087403,0.025782082,2.946407708,0.556467982,3.60811007,7.353339269,3.260797728,0.003496348,0.966589094,1.365755805,3.22148621,1.224076169,4.833199901,3.717334759,0.120253062,0.008016871,0.279005527,0.045895068,0.055130141,2.549158629,5.537996449,-0.00686446,-0.113701337,-0.113906157,0.027375434,-0.072480144,0.152026994,0.056560046,-0.122018741,0.040656904,-0.163838236,-0.169316019,-0.118293239,0.081667251,-0.186670382,-0.111403643,0.078586116,-0.088983263,-0.168456051,0.106627034,-0.153019832,0.812714369,0.903228818,1.030410267,1.027778863,0.974098354,1.088862006,1.141077802,1.049401421,1.046333467,0.672448581,1.119787427,1.254571366,1.27310765,1.153868568,1.188228061,1.013437182,0.767092597,0.979056045,1.082256083,0.769500321,1.104409694,0.081871345,0.049342105,0.046535948,0.021267361,0.013741497,0.021122685,0.020408163,0.0,0.0,0.454289104,3.864341274,3.615632918,3.483487402,2.055734329,1.840193179,1.503557545,1.895860434,5.658845633,116.6494962,3.185574951,0.0,5.658845633,76.52723175,73.40291785,3.124313894,6.629981163,0.0,53.10134406,0.0,25.14492703,0.0,47.38123737,3.185574951,69.78641859,11.771102,0,0,0.6,4.028174121,0.352934292,0.217391304,0.275362319,0.0,0.039999999,0.88,0.84375,0.177380952,0.03625,0.0,0.158447758,0.522627408,1.395399617,1.470866913,3.802162631,1.545890621,6.057369322,3.786262568,5.995767404,-1.132862534,-2.0,2.218904864,-1.709533307,0.339816277,0.0,0.0,0.0,0.0,0.0,0.0,-0.267028813,-0.922413432,-1.115733075,-1.614530244,0.790673905,2.717341971,-0.92605767,3.910620464,0,2,0,0,0,0,1,0,0,0,0,0,0,1,0,0,0,0,9,1,0,0.324814815,0.529490741,-0.992173091,0.901481481,0,0,0,1,1,1,1.466990741,0.324814815,1.841848073,-0.801018519,0.901481481,8.935533825,0.324814815,-0.801018519,-0.992173091,0.0,0.0,10.90364182,0.0,10.90364182,0,0,0,0,0,0,1,1,2,0,0,0,3,7,7,0,0,0,0,1,2,1,0,1,0,0,3.0,2.828427125,5.789808966,3.388942792,0,0,1,1,1,1,0,0,0,0,0,0,0,1,2,0,2,0,1,0,0,0,0,0,0,0,0,0,0.0,9.821835518,0,0,2.584962501,-1.806482364,3.613215198,0.79276871,0,0,0,0,0,1,1,0,0,0,0,0,0,0,0,0,0,3,1,2,1,0,0,0,0,0,0,0,0,0,0,1,9,0,0,0,0,0,0,0,0,2,0,0,0,0,7,7,0.0,0.0,8.185023372,0.0,0,0,2.5,5.0,2.0,0.0,0.0,0.0,1.0,2.0,1.0,0.2,2.0,2.0,0.133333333,0.133333333,0.666666667,0.0,0.666666667,0.714285714,0.0,0.0,6,0.133333333
29,295.32,7.771578947,1.133586842,0,44.73684211,2.631578947,15.78947368,9,6,1,1,0,0.0,0,5.780952381,1736,6.38225858,0.292387518,0.137200688,2.934665113,85.33444858,2.381543631,0.0,4.80811103,1.608464034,1.556656707,0.395674273,3.399537225,4.020843553,4.826874882,0.306495094,0.64778662,0.929796848,1.848390288,0.421052632,0.884135056,1.196985874,0.998090059,0.289691399,2.0,0.271166429,0.012912687,7.948839253,0.05924932,13.06447502,0.843328997,862.0000032,0.971860583,0.013087197,2.935154182,0.817044817,3.601797641,7.686477809,3.31942756,0.003491131,0.976280107,1.386951977,3.148200963,1.176172837,5.121702395,4.221394769,0.242690179,0.011556675,0.279762366,0.061101763,0.196838063,3.518739815,6.996709355,-0.058333905,0.055708647,-0.13521131,0.017077679,-0.152186516,0.253542757,-0.016543844,-0.188336064,-0.059947817,0.259746678,-0.280039142,0.186362234,-0.194111694,-0.044793205,-0.005624417,-0.034832702,0.035294753,-0.016139013,-0.090012108,0.043871247,0.832265226,0.836907149,1.046281731,1.082553047,0.85901435,0.987832902,1.156643689,1.013167507,0.973911142,0.816679921,1.075239987,1.00623261,1.400316086,0.949988054,1.099087018,0.942655434,0.971204137,1.424658537,0.99549994,1.062308319,0.872758563,0.074074074,0.040865385,0.044444444,0.029861111,0.014778325,0.015451389,0.008487654,0.010763889,0.00744822,0.484269729,3.867652843,3.694324288,3.611469774,2.057040185,1.916100779,1.721833972,1.896130344,7.603595218,206.214434,3.185574951,0.0,25.6143459,78.91078164,60.90003095,18.01075068,13.51879359,18.01075068,58.17040754,0.0,50.28985406,0.0,47.38123737,8.254638429,73.16114372,0.0,0,0,0.5,4.982551617,0.603245394,0.212765957,0.319148936,0.0,0.052380953,0.938095238,0.836,0.219298246,0.102095238,-2.0,0.113366872,0.72312407,1.427197284,1.473402832,3.800472513,1.503250632,6.323013972,4.757638405,7.052120318,-0.785528236,-1.0,2.904102393,-1.192906024,2.340922281,0.502046567,0.0,0.0,0.0,0.0,0.0,0.0,0.0,0.0,-0.145817289,1.279722611,3.590563217,0.0,5.962981186,0,5,0,0,0,0,0,0,1,0,0,0,0,0,0,0,0,0,7,3,0,-0.404857332,0.0,-3.575023969,0.749790144,0,0,0,3,1,0,0.0,-0.345592561,1.740716936,-1.216747921,0.749790144,8.58562799,0.118080121,-1.095097317,-1.12686632,0.0,2.494417045,11.22831648,0.0,11.22831648,0,1,0,0,3,2,5,4,5,3,4,0,6,8,8,0,0,0,1,3,4,4,2,2,4,1,4.673147083,2.888845517,9.123134785,7.550686951,0,0,1,1,1,1,1,0,0,1,0,0,0,0,4,0,2,0,1,0,0,0,0,0,0,0,0,0,0.0,26.57474518,0,0,2.807354922,-1.658293987,3.719177836,0.509488636,2,0,1,1,0,3,2,3,1,4,0,0,4,0,0,0,3,9,4,6,6,0,0,2,0,0,0,0,0,0,0,1,12,0,0,0,0,0,0,0,1,4,3,1,0,0,9,8,0.0,0.0,8.697084111,0.0,0,0,3.35,4.0,5.0,2.0,0.5,0.0,1.0,2.0,0.0,0.142857143,2.0,1.0,0.095238095,0.047619048,0.666666667,0.0,0.666666667,0.591666667,0.0,1.5,3,0.238095238
30,242.31,6.923142857,1.147308571,0,51.42857143,5.714285714,11.42857143,2,0,0,0,0,0.0,0,5.235294118,712,10.99887767,0.2561481,0.11509799,2.204668341,85.0258818,2.910992253,0.0,2.833213344,1.611785936,1.260771794,0.537476485,3.050571945,4.286146588,4.67214016,0.31423221,0.594736523,0.910875876,2.078711071,0.457142857,0.890282907,1.202249092,0.998082325,0.320231193,2.0,0.103553391,0.006091376,7.080279505,0.0625,16.0,0.941176471,629.2857144,0.826678573,0.014618699,3.760689099,0.762113385,3.440804231,7.315251423,3.598567575,0.001785132,0.913194208,1.349970777,2.954644453,1.164702569,4.796738189,3.343175948,0.107832081,0.006343064,0.304640317,0.051627532,0.089034037,3.049438029,4.351349649,-0.023610039,0.039523706,-0.12679135,-0.157702699,-0.086911568,0.08397758,-0.06355796,-0.145576853,0.118091078,-0.109971215,-0.009225989,-0.239059232,-0.247054696,0.049564927,0.010774846,-0.026001006,0.05033129,-0.033655627,-0.048361743,-0.027873539,0.90077807,1.02062013,0.977224698,1.074658861,0.872519786,0.956095013,1.143730881,1.146401688,1.25164038,1.044937249,1.181678665,0.879847771,1.186876817,1.329446928,1.495782265,0.908736434,1.000730591,1.369271177,0.995106597,0.971597581,0.937389401,0.065359477,0.03125,0.032,0.018518519,0.01255887,0.008522727,0.008230453,0.005,0.002754821,0.340444866,3.692834795,3.551730445,3.465363673,1.993870404,1.841550654,1.730679679,1.699440096,37.3814986,78.78758085,42.05924366,0.0,68.44085437,96.93858116,47.86847471,49.07010645,31.26672833,34.61249706,12.6726587,0.0,25.14492703,31.05935577,2.534531739,5.069063478,120.2455517,6.698089225,0,0,0.352941176,3.235925662,0.212092737,0.183406114,0.131004367,0.0,0.050980393,0.92745098,0.861403509,0.176460018,0.066047472,-4.0,0.154517837,0.901231588,1.250115602,1.35874472,4.037975943,1.506002488,5.424950017,4.814900095,6.38873899,-1.0,-1.853778245,2.066698334,-1.570056127,1.906527786,0.432229666,0.09056377,0.0,0.0,0.0,0.0,-0.609146001,-1.146802924,-1.404104935,-1.741552754,0.699881485,3.546758409,-0.74127056,14.86549071,1,5,0,0,0,0,0,0,0,0,0,0,0,0,3,0,0,0,6,0,1,2.681563205,0.0,-0.746174834,0.0,0,0,0,8,0,0,0.0,-0.162438587,0.0,0.0,0.0,8.525767819,0.78823001,0.0,-0.20817316,0.0,2.427375756,11.20688563,4.666652083,11.20688563,0,0,0,0,0,0,2,2,0,0,0,0,2,4,2,0,0,0,0,0,0,0,0,0,1,1,4.585756412,0.0,9.872840292,6.26120069,0,0,1,1,1,1,1,0,0,1,0,0,0,1,2,0,3,0,3,0,0,1,0,1,1,0,1,2,9.367699623,61.2961731,0,0,2.321928095,-0.546211851,3.106958254,0.494529263,0,0,0,0,0,1,1,1,0,0,0,0,0,0,0,0,2,2,2,3,0,0,0,1,0,1,0,0,0,0,0,0,3,0,0,0,0,0,0,0,0,0,0,0,0,0,5,3,0.0,0.0,8.7345193,0.646330407,0,0,0.0,0.0,0.0,0.0,0.0,0.0,0.0,0.0,0.0,0.0,0.0,0.0,0.0,0.0,0.0,0.0,0.0,0.0,0.0,0.0,0,0.0
